<?xml version="1.0" encoding="UTF-8"?>
<businessEvent name="EDPCSPOrderSummaries" version="01" type="RequestReply" enabled="true" conditionalRouting="false">
	<LogRule>Common_Log_Rule02</LogRule>
	<sourceConfig>
		<request>
			<actions/>
			<scTransform/>
		</request>
		<response>
			<actions/>
			<csTransform/>
		</response>
		<errorConfig>
			<errorHandler stylesheet="local://ondisk/services/SSI/configuration/EDPCSP/RetrieveSummaries_1.0/POST/ErrorHandler.xsl">
				<params>
					<errContentType>application/xml</errContentType>
				</params>
			</errorHandler>
		</errorConfig>
	</sourceConfig>
	<targetConfig name="EDPCSP">
		<request>
			<actions>
				<action type="custom">local:/ondisk/services/SSI/transform/EDPCSP/RetrieveSummaries_1.0/POST/RetrieveSummaries_Req.xsl</action>
			</actions>
			<ctTransform/>
			<endpointConfig>
				<EDPCSPCSPUri>/api/po</EDPCSPCSPUri>
				<uri type="uri-in"/>
				<targetSystem>EDPCSP</targetSystem>
				<timeout>80</timeout>
			</endpointConfig>
		</request>
		<response>
			<tcTransform>EDPCSP/RetrieveSummaries_1.0/POST/RetrieveSummaries_Rs.xsl</tcTransform>
		</response>
	</targetConfig>
	<logConfig>
		<operationName>RetrieveSummaries</operationName>
	</logConfig>
</businessEvent>
