<?xml version="1.0" encoding="UTF-8"?>
<statusMappings>
	<statusMapping providerStatusCode="default">
		<statusCode>8511</statusCode>
		<statusDesc>Get Tenured channel Failed</statusDesc>
		<responseType>fault</responseType>
	</statusMapping>
	<statusMapping providerStatusCode="90001">
		<statusCode>8511</statusCode>
		<statusDesc>Any backend/ system issue, preventing tenured channel retrieval</statusDesc>
		<responseType>fault</responseType>
	</statusMapping>
	<statusMapping providerStatusCode="90002">
		<statusCode>4510</statusCode>
		<statusDesc>Mandatory data missing</statusDesc>
		<responseType>response</responseType>
	</statusMapping>
</statusMappings>
