<?xml version="1.0" encoding="UTF-8"?>
<businessEvent name="CaptureEVData" version="01" type="RequestReply" enabled="true" conditionalRouting="false">
	<LogRule>Common_Log_Rule02</LogRule>
	<sourceConfig>
		<request>
			<actions>
				<action name="AAA" enabled="N">Rg_Svc AU RetailSH BS EV - CaptureData</action>
			</actions>
			<scTransform/>
		</request>
		<response>
			<actions>
				<action name="HTTP-RSHEADER-HANDLER">
					<header name="Content-Type" value="text/xml"/>
					<header name="requestId" value="/CaptureEVData/PayloadRs/requestId" valueType="xpath"/>
				</action>
			</actions>
			<csTransform/>
		</response>
		<errorConfig>
			<errorHandler stylesheet="local://ondisk/services/SSI/configuration/customer/ErrorHandler.xsl">
				<params>
					<errElementName/>
				</params>
			</errorHandler>
		</errorConfig>
	</sourceConfig>
	<targetConfig name="CSP">
		<request>
			<actions>
			<!--	<action type="custom">local://ondisk/services/SSI/customer/capture_v01/CaptureEVDataRq.xsl</action> -->
				<action name="HTTP-RQHEADER-HANDLER">
					<method>POST</method>
					<header name="ANZ-Application-ID " value="/CaptureEVData/PayloadRq/ANZ-Application-ID" valueType="xpath"/>
					<header name="ANZ-Application-Version " value="/CaptureEVData/PayloadRq/ANZ-Application-Version" valueType="xpath"/>
					<header name="requestId " value="/CaptureEVData/PayloadRq/requestId" valueType="xpath"/>
					<header name="branchId " value="/CaptureEVData/PayloadRq/branchId" valueType="xpath"/>
					<header name="terminalId " value="/CaptureEVData/PayloadRq/terminalId" valueType="xpath"/>
					<!-- <header name="userId " value="/CaptureEVData/PayloadRq/userId" valueType="xpath"/> -->
					<header name="origApp " value="/CaptureEVData/PayloadRq/origApp" valueType="xpath"/>
					<header name="initCompany " value="/CaptureEVData/PayloadRq/initCompany" valueType="xpath"/>
                                        <header name="Origin" value="/CaptureEVData/PayloadRq/Origin" valueType="xpath"/>
                                        <header name="JWT-Token" value="/CaptureEVData/PayloadRq/Auth" valueType="xpath"/>
                                        <header name="User-Agent" value="/CaptureEVData/PayloadRq/User-Agent" valueType="xpath"/>
					<header name="Accept" value="application/vnd.csp-anz.com+json;version=1.0" valueType="set"/>
                                        <header name="Content-Type" value="application/json" valueType="set"/>
				</action>
			</actions>
				<ctTransform>customer/capture_v01/CaptureEVDataRq.xsl</ctTransform>
			<endpointConfig>
				<uri>/api/electronicverification/verifications/electronic</uri> 
				<targetSystem>CSP</targetSystem>
				<timeout>90</timeout>
			</endpointConfig>
		</request>
		<response>
			<actions>
				<action type="custom">local://ondisk/services/SSI/transform/customer/capture_v01/CaptureEVDataRs.xsl</action>
			</actions>
			<tcTransform/>
		</response>
	</targetConfig>
	<logConfig>
		<operationName>CaptureEVData01</operationName>
	</logConfig>
</businessEvent>