<businessEvent name="calculatempi" version="v1" type="RequestReply" enabled="true" conditionalRouting="no">
	<!--
	Actions:
		The actions would apply the properties as defined in it.
	AVAILABLE ACTIONS:
		
		STRIP-SOAP : Strips the SOAP Envelope
		SCHEMA-VALIDATE : Validates message against the specified schema
		ADD-SOAP : Adds the SOAP Envelope
		HTTP-RQHEADER-HANDLER : HTTP Request Header Handler, sets the header values as specified in the parameter <header>
		HTTP-RSHEADER-HANDLER : HTTP Response Header Handler, sets the header values as specified in the parameter <header>
	 	MQ-RQHEADER-HANDLER: MQ Request Header Handler
	 	
	 The system allows to define custom actions which to specify the complete style sheet path to be executed
		Ex: <action name="SetContext" type="custom">local://ondisk/services/SSXmltoXml/01/custom/TrdngAcctAdd_SetContext.xsl</action>
		
	 -->
	<!--
	 	consumerConfig section defines 
	 		- actions to be applied on the request message received from consumer
	 		- actions to be applied on the response message sent to consumer
	 		- transform to be applied on the request message received from consumer
	 		- transform to be applied on the response message sent to consumer
	 		- Optional extender, which might require to be executed before the message being sent back to consumer.
	 		   
	 -->
	<LogRule>Common_Log_Rule02</LogRule>
	<sourceConfig>
		<ResRule>SSHTTPRqRplyInward02_Res_Rule_NONXML</ResRule>
		<ContentType>JSON</ContentType>
		<request>
			<actions>
				<Authorize enabled="N"/>
			</actions>
			<scTransform/>
			<sourceNamespace/>
			<respElementName/>
		</request>
		<response>
			<actions>
				<action name="HTTP-RSHEADER-HANDLER">
					<header name="Content-Type" value="application/json" valueType="set"/>
					
                </action>				
			</actions>
			<csTransform/>
		</response>
		<!--	errorConfig section specifies the stylesheet to executed in case of an error. 
			Its provides option specifies the params to error stylesheet.
	 	 -->
		<errorConfig>
			<errorHandler stylesheet="local:/ondisk/services/SSI/configuration/defaultErrorHandler01.xsl">
				<params>
					<errElementName/>
					<errNamespace/>
				</params>
			</errorHandler>
		</errorConfig>
	</sourceConfig>
	<!--
		targetConfig section defines
			- actions to be applied on the request message sent to provider
	 		- actions to be applied on the response message received from provider
	 		- transform to be applied on the request message sent to provider
	 		- transform to be applied on the response message received from provider
	 		- provider endpoint configuration 
	 		- Optional extender, which might require to be executed before the message being sent to provider.
	-->
	<targetConfig name="CDP">
		<ReqRule>SSHTTPRqRplyInward02_Req_Rule_JSON</ReqRule>
		<ContentType>JSON</ContentType>
		<request>
			<actions>
				<action name="HTTP-RQHEADER-HANDLER">
					<header name="Content-Type" value="application/json" valueType="set"/>
					<header name="Accept" value="application/json" valueType="set"/>
					<!--header name="Authorization" value="Basic OElKVTNIQ1dUUlg4QVM1VzU0NDEyMVlfWU55bC1EbjY5VjN0QW01VkRUd2F5Zk8wSTpCVDQweE00WnBoaVFxenFGQjM=" valueType="set"/>-->
					<!-- Credentials got for ANZ Generic Mail-->
					<!--header name="Authorization" value="Basic MjRURzIwOU1UMFRNQ1RNVkhNMDUyMXN4d2ZaeWhHX3pLSUpHY0RfdzZfU3VKc0pkdzpBcW9NR3dOMTloQjRHN09H" valueType="set"/>-->
				</action>
			</actions>
			<ctTransform/>
			<endpointConfig>
				<uri>/calculatempi/json</uri>
				<targetSystem>CDP</targetSystem>
				<timeout>10</timeout>
			</endpointConfig>
		</request>
		<response>
			<actions>
				<action name="HTTP-RSHEADER-HANDLER">
					<header name="Content-Type" value="application/json" valueType="set"/>
				</action>
            </actions>
			<tcTransform/>
		</response>
	</targetConfig>
	<logConfig>
		<operationName>CDP_calculatempi</operationName>
		<msgID>//*[local-name()='string'][@name='conversationIdentifier']</msgID>
	</logConfig>
</businessEvent>