<?xml version="1.0" encoding="UTF-8" standalone="no"?>
<businessEvent conditionalRouting="true" enabled="true" name="" type="RequestReply" version="01">
	<LogRule>Common_Log_Rule02</LogRule>
	<sourceConfig>
		<request>
			<actions/>
			<scTransform/>
		</request>
		<response>
			<actions>
				<action name="HTTP-RSHEADER-HANDLER">
					<header name="Content-Type" value="text/xml"/>
				</action>
			</actions>
			<csTransform/>
		</response>
		<errorConfig>
			<errorHandler stylesheet="local:/ondisk/services/SSI/configuration/SOLA/ErrorHandler.xsl">
				<params>
					<errElementName/>
				</params>
			</errorHandler>
		</errorConfig>
	</sourceConfig>
	<targetConfig name="SOLACSP">
		<request>
			<actions/>
			<ctTransform>SOLA/CSPRetrieveAddress_1.0/RetrieveAddressRq.xsl</ctTransform>
			<endpointConfig>
				<uri type="dyn"/>
				<uri-pattern>
					<static>/api</static>
					<dynamic>/CSPRetrieveAddress/PayloadRq/Uri</dynamic>
				</uri-pattern>
				<targetSystem>SOLACSP</targetSystem>
				<timeout>17</timeout>
			</endpointConfig>
		</request>
		<response>
			<actions>
				<action type="custom">local://ondisk/services/SSI/transform/SOLA/CSPRetrieveAddress_1.0/RetrieveAddressRs.xsl</action>
			</actions>
			<tcTransform/>
		</response>
		<filter>SOLA/CSPRetrieveAddress_1.0/SOLAApplyReqFilter.xsl</filter>
	</targetConfig>
	<targetConfig name="CSPBFF">
		<request>
			<actions/>
			<ctTransform>SOLA/CSPRetrieveAddress_1.0/RetrieveAddressRq.xsl</ctTransform>
			<endpointConfig>
				<uri type="dyn"/>
				<uri-pattern>
					<static>/api</static>
					<dynamic>/CSPRetrieveAddress/PayloadRq/Uri</dynamic>
				</uri-pattern>
				<targetSystem>CSPBFF</targetSystem>
				<timeout>60</timeout>
			</endpointConfig>
		</request>
		<response>
			<actions>
				<action type="custom">local://ondisk/services/SSI/transform/SOLA/CSPRetrieveAddress_1.0/RetrieveAddressRs.xsl</action>
			</actions>
			<tcTransform/>
		</response>
		<filter>SOLA/CSPRetrieveAddress_1.0/SIOLAApplyReqFilter.xsl</filter>
	</targetConfig>
	<logConfig>
		<operationName>SolaCspRetrieveAddress</operationName>
	</logConfig>
</businessEvent>
