<businessEvent name="AutoID" version="V1" type="RequestReply" enabled="true" conditionalRouting="no">
	<sourceConfig>
		<ResRule>SSHTTPRqRplyOutward_Res_Rule_NONXML</ResRule>
		<ContentType>XML</ContentType>
		<request>
			<actions/>
			<scTransform/>
		</request>
		<response>
			<actions/>
			<csTransform/>
		</response>
		<!--
			errorConfig section specifies the stylesheet to executed in case of an error. 
			Its provides option specifies the params to error stylesheet.
	 	 -->
		<errorConfig>
			<errorHandler stylesheet="local:/ondisk/services/SSI/configuration/defaultErrorHandler01.xsl">
				<params>
					<errElementName>AutoIDResponse</errElementName>
					<errNamespace/>
				</params>
			</errorHandler>
		</errorConfig>
	</sourceConfig>
	<targetConfig name="MotorWeb">
        <ReqRule>SSHTTPRqRplyOutward_Req_Rule_XML</ReqRule>
		<ContentType>XML</ContentType>
		<request>
			<actions>
			</actions>
			<ctTransform/>
			<endpointConfig>
				<uri>/soap/autoid/1.0</uri>
				<targetSystem>MotorWeb</targetSystem>
				<timeout>30</timeout>
			</endpointConfig>
		</request>
		<response>
			<actions/>
			<tcTransform/>
		</response>
	</targetConfig>
	<logConfig>
		<operationName>AutoID</operationName>
	</logConfig>
</businessEvent>