<gatewaypattern name="B2BMqGateway02" version="01">
	<common>
		<transformation>
			<requestxsl>local:///ondisk/services/B2BMqGateway02/01/core/B2BMqGateway_Request_Process.xsl</requestxsl>
			<responsexsl>local:///ondisk/services/B2BMqGateway02/01/core/B2BMqGateway_Response_Process.xsl</responsexsl>
		</transformation>
		<call-processing-rules>
			<requestrule>B2BMqGateway02_Req_Rule</requestrule>
			<responserule>B2BMqGateway02_Res_Rule</responserule>
			<errorrule>B2BMqGateway02_Error_Rule</errorrule>
		</call-processing-rules>
		<logging>
			<providerRqLogEnable>Y</providerRqLogEnable>
			<providerRqLogDetailEnable>N</providerRqLogDetailEnable>
			<providerResLogEnable>Y</providerResLogEnable>
			<providerResLogDetailEnable>N</providerResLogDetailEnable>
			<errorLogEnable>Y</errorLogEnable>
			<errorLogDetailEnable>N</errorLogDetailEnable>
		</logging>
		<routing-url>https://async.anztoolkit.com.au/ReceiveMPRAsyncResp.svc/ReceiveMPRAsyncResponse</routing-url>
		<backendTimeout>60</backendTimeout>
		<ssl-proxyprofile>External_SSLProxyProfile_ANZToolkit</ssl-proxyprofile>
		<SDMAlertingEnable>Y</SDMAlertingEnable>
	</common>
</gatewaypattern>
