<?xml version="1.0" encoding="UTF-8"?>
<businessEvent name="SIOLAGETApplications " version="01" type="RequestReply" enabled="true" conditionalRouting="false">
	<LogRule>Common_Log_Rule02</LogRule>
	<sourceConfig>
		<request>
			<actions/>
			<scTransform/>
		</request>
		<response>
			<actions>
				<action name="HTTP-RSHEADER-HANDLER">
					<header name="Content-Type" value="text/xml"/>
				</action>
			</actions>
			<csTransform/>
		</response>
		<errorConfig>
			<errorHandler stylesheet="local://ondisk/services/SSI/configuration/CSPBFF/SIOLAGETApplications_1.0/POST/ErrorHandler.xsl">
				<params>
					<errElementName/>
				</params>
			</errorHandler>
		</errorConfig>
	</sourceConfig>
	<targetConfig name="CSPBFF">
		<request>
			<actions/>
			<ctTransform>CSPBFF/SIOLAGETApplications_1.0/POST/GetApplicationRq.xsl</ctTransform>
			<endpointConfig>
				<staticUri>/api</staticUri>
				<uri type="uri-in"/>
				<targetSystem>CSPBFF</targetSystem>
				<timeout>60</timeout>
			</endpointConfig>
		</request>
		<response>
			<actions>
				<action type="custom">local://ondisk/services/SSI/transform/CSPBFF/SIOLAGETApplications_1.0/POST/GetApplicationRs.xsl</action>
			</actions>
			<tcTransform/>
		</response>
	</targetConfig>
	<logConfig>
		<operationName>SIOLAGetApplication</operationName>
	</logConfig>
</businessEvent>

