<?xml version="1.0" encoding="UTF-8"?>
<businessEvent name="LinkCRN01" version="01" type="RequestReply" enabled="true" conditionalRouting="false">
	<LogRule>Common_Log_Rule02</LogRule>
	<sourceConfig>
		<request>
			<actions>
				<action name="AAA" enabled="Y">AU ChnlSH LinkCRN Service Accounts (Ad)</action>
				<action name="VALIDATE-HEADERS" enabled="true">
					<header name="RequestID" required="true"/>
					<header name="ANZ-Application-ID" required="true"/>
				</action>
			</actions>
			<scTransform/>
		</request>
		<response>
			<actions>
			</actions>
			<csTransform/>
		</response>
		<errorConfig>
			<errorHandler stylesheet="local://ondisk/services/SSI/configuration/CSP/LinkCRN_1.0/POST/ErrorHandler.xsl">
				<params>
					<errContentType>application/json</errContentType>
				</params>
			</errorHandler>
		</errorConfig>
	</sourceConfig>
	<targetConfig name="CSP">
		<request>
			<actions>
				<action type="custom">local:/ondisk/services/SSI/transform/CSP/LinkCRN_1.0/POST/LinkCRN_Req.xsl</action>
			</actions>
			<ctTransform/>
			<endpointConfig>
				<staticUri>/api/customerservicev2</staticUri>
				<uri type="uri-in"/>
				<targetSystem>CSPPEGA</targetSystem>
				<timeout>30</timeout>
			</endpointConfig>
		</request>
		<response>
			<tcTransform/>
		</response>
	</targetConfig>
	<logConfig>
		<operationName>LinkCRN01</operationName>
	</logConfig>
</businessEvent>