<InternetBanking_requestContentRetrieve version="01">
        <gatewaypattern name="B2BHttpGateway" version="01">
		 <ssl-proxy name="External_SSLProxyProfile_SALMAT"/> 
		<ProviderDetails>InternetBanking</ProviderDetails>
                  <ServiceSpecificRequestXSL>local:/ondisk/services/B2BGateway/SALMAT/SALMAT_RequestReply_Request_Process.xsl</ServiceSpecificRequestXSL>
	</gatewaypattern>
	<Provider name="InternetBanking">
		<Route>
              <Routing-url>https://docs.anz.com/case/ContentService</Routing-url>
              <SoapOperation>opContentRetrieve</SoapOperation>
		</Route>
	</Provider>
</InternetBanking_requestContentRetrieve>