<TBOSExt_requestContentRetrieve version="01">
	<gatewaypattern name="B2BHttpGateway" version="02">
		<ssl-proxy name="External_SSLProxyProfile_SALMAT"/>
		<ProviderDetails>FXDMS</ProviderDetails>
		<ServiceSpecificRequestXSL>local:/ondisk/services/B2BGateway/SALMAT/SALMAT_RequestReply_Request_Process.xsl</ServiceSpecificRequestXSL>
		<logConfig>
			<LogRule>Common_Log_Rule02</LogRule>
			<operationName>SALMATContentRetrieve</operationName>
			<msgID>/B2BGatewayRq/B2BGatewayRqHdr/MessageHeader/sourceSystemMessageID</msgID>
		</logConfig>
	</gatewaypattern>
	<Provider name="FXDMS">
		<Route>
			<Routing-url>https://docs.anz.com/case/ContentService</Routing-url>
			<SoapOperation>opContentRetrieve</SoapOperation>
		</Route>
	</Provider>
</TBOSExt_requestContentRetrieve>
