<businessEvent name="SBOLAATOLookup" version="v1" type="RequestReply" enabled="true" conditionalRouting="no">
	
	<sourceConfig>
		<ResRule>SSHTTPRqRplyOutward02_Res_Rule_XML</ResRule>
		<ContentType>XML</ContentType>
		<request>
			<actions>
                                <Authorize/>
                        </actions>
			<scTransform/>
			<sourceNamespace/>
			<respElementName/>
		</request>
		<response>
			<actions> <action name="custom">local://ondisk/services/SSI/transform/ABRATO/ATOLookup_1.0/ResponseProcess.xsl</action> </actions>
			<csTransform/>
		</response>
		<errorConfig>
			<errorHandler stylesheet="local:/ondisk/services/SSI/configuration/defaultErrorHandler01.xsl">
				<params>
					<errElementName/>
					<errNamespace/>
				</params>
			</errorHandler>
		</errorConfig>
	</sourceConfig>
	<targetConfig name="ATOLookup">
		<ReqRule>SSHTTPRqRplyOutward02_Req_Rule_NULL</ReqRule>
		<ContentType>XML</ContentType>
		<request>
			<actions>
                   <action name="custom">local://ondisk/services/SSI/transform/ABRATO/ATOLookup_1.0/APICRequestProcess.xsl</action> 
			</actions>
			<ctTransform/>
			<endpointConfig>
                                <uri type="uri-in"/>
				<targetSystem>ATOLookup</targetSystem>
				<timeout>10</timeout>
			</endpointConfig>
		</request>
		<response>
			<actions/>
			<tcTransform/>
		</response>
	</targetConfig>
	<logConfig>
		<operationName>ATOLookup</operationName>
	</logConfig>
</businessEvent>
