<referenceData category="StreetType">
	<valueSet>
		<source>AC</source>
		<target>ACCS</target>
	</valueSet>
	<valueSet>
		<source>AL</source>
		<target>ALLY</target>
	</valueSet>
	<valueSet>
		<source>ALWY</source>
		<target>ALWY</target>
	</valueSet>
	<valueSet>
		<source>AMBL</source>
		<target>AMBL</target>
	</valueSet>
	<valueSet>
		<source>ANCG</source>
		<target>ANCG</target>
	</valueSet>
	<valueSet>
		<source>APP</source>
		<target>APP</target>
	</valueSet>
	<valueSet>
		<source>ARC</source>
		<target>ARC</target>
	</valueSet>
	<valueSet>
		<source>ART</source>
		<target>ART</target>
	</valueSet>
	<valueSet>
		<source>AVE</source>
		<target>AVE</target>
	</valueSet>
	<valueSet>
		<source>BASN</source>
		<target>BASN</target>
	</valueSet>
	<valueSet>
		<source>BCH</source>
		<target>BCH</target>
	</valueSet>
	<valueSet>
		<source>BDGE</source>
		<target>BDGE</target>
	</valueSet>
	<valueSet>
		<source>BDWY</source>
		<target>BDWY</target>
	</valueSet>
	<valueSet>
		<source>BK</source>
		<target>BK</target>
	</valueSet>
	<valueSet>
		<source>BLK</source>
		<target>BLK</target>
	</valueSet>
	<valueSet>
		<source>BND</source>
		<target>BEND</target>
	</valueSet>
	<valueSet>
		<source>BLV</source>
		<target>BVD</target>
	</valueSet>
	<valueSet>
		<source>BR</source>
		<target>BRAE</target>
	</valueSet>
	<valueSet>
		<source>BRCE</source>
		<target>BRCE</target>
	</valueSet>
	<valueSet>
		<source>BPS</source>
		<target>BYPA</target>
	</valueSet>
	<valueSet>
		<source>BRK</source>
		<target>BRK</target>
	</valueSet>
	<valueSet>
		<source>BROW</source>
		<target>BROW</target>
	</valueSet>
	<valueSet>
		<source>BS</source>
		<target>BS</target>
	</valueSet>
	<valueSet>
		<source>BT</source>
		<target>BT</target>
	</valueSet>
	<valueSet>
		<source>BY</source>
		<target>BY</target>
	</valueSet>
	<valueSet>
		<source>BYWY</source>
		<target>BYWY</target>
	</valueSet>
	<valueSet>
		<source>CWY</source>
		<target>CWY</target>
	</valueSet>
	<valueSet>
		<source>CDS</source>
		<target>CDS</target>
	</valueSet>
	<valueSet>
		<source>CH</source>
		<target>CH</target>
	</valueSet>
	<valueSet>
		<source>CIR</source>
		<target>CIR</target>
	</valueSet>
	<valueSet>
		<source>CCT</source>
		<target>CCT</target>
	</valueSet>
	<valueSet>
		<source>CRC</source>
		<target>CRC</target>
	</valueSet>
	<valueSet>
		<source>CL</source>
		<target>CL</target>
	</valueSet>
	<valueSet>
		<source>CLDE</source>
		<target>CLDE</target>
	</valueSet>
	<valueSet>
		<source>CLT</source>
		<target>CLT</target>
	</valueSet>
	<valueSet>
		<source>CM</source>
		<target>CMMN</target>
	</valueSet>
	<valueSet>
		<source>CNC</source>
		<target>CON</target>
	</valueSet>
	<valueSet>
		<source>CNR</source>
		<target>CNR</target>
	</valueSet>
	<valueSet>
		<source>CNWY</source>
		<target>CNWY</target>
	</valueSet>
	<valueSet>
		<source>CNYN</source>
		<target>CNYN</target>
	</valueSet>
	<valueSet>
		<source>COWY</source>
		<target>COWY</target>
	</valueSet>
	<valueSet>
		<source>CPS</source>
		<target>CPS</target>
	</valueSet>
	<valueSet>
		<source>CRCS</source>
		<target>CRCS</target>
	</valueSet>
	<valueSet>
		<source>CRD</source>
		<target>CRD</target>
	</valueSet>
	<valueSet>
		<source>CSO</source>
		<target>CSO</target>
	</valueSet>
	<valueSet>
		<source>CT</source>
		<target>CT</target>
	</valueSet>
	<valueSet>
		<source>CTR</source>
		<target>CTR</target>
	</valueSet>
	<valueSet>
		<source>CTTG</source>
		<target>CTTG</target>
	</valueSet>
	<valueSet>
		<source>CTYD</source>
		<target>CTYD</target>
	</valueSet>
	<valueSet>
		<source>CUWY</source>
		<target>CUWY</target>
	</valueSet>
	<valueSet>
		<source>CVE</source>
		<target>COVE</target>
	</valueSet>
	<valueSet>
		<source>CAUS</source>
		<target>CAUS</target>
	</valueSet>
	<valueSet>
		<source>CRS</source>
		<target>CRES</target>
	</valueSet>
	<valueSet>
		<source>CRSS</source>
		<target>CRSS</target>
	</valueSet>
	<valueSet>
		<source>CRST</source>
		<target>CRST</target>
	</valueSet>
	<valueSet>
		<source>CS</source>
		<target>CRST</target>
	</valueSet>
	<valueSet>
		<source>CSG</source>
		<target>CRSG</target>
	</valueSet>
	<valueSet>
		<source>DALE</source>
		<target>DALE</target>
	</valueSet>
	<valueSet>
		<source>DELL</source>
		<target>DELL</target>
	</valueSet>
	<valueSet>
		<source>DEVN</source>
		<target>DEVN</target>
	</valueSet>
	<valueSet>
		<source>DIP</source>
		<target>DIP</target>
	</valueSet>
	<valueSet>
		<source>DN</source>
		<target>DN</target>
	</valueSet>
	<valueSet>
		<source>DR</source>
		<target>DR</target>
	</valueSet>
	<valueSet>
		<source>DRY</source>
		<target>DRWY</target>
	</valueSet>
	<valueSet>
		<source>DSTR</source>
		<target>DSTR</target>
	</valueSet>
	<valueSet>
		<source>EA</source>
		<target>EA</target>
	</valueSet>
	<valueSet>
		<source>EDGE</source>
		<target>EDGE</target>
	</valueSet>
	<valueSet>
		<source>ELB</source>
		<target>ELB</target>
	</valueSet>
	<valueSet>
		<source>END</source>
		<target>END</target>
	</valueSet>
	<valueSet>
		<source>ENT</source>
		<target>ENT</target>
	</valueSet>
	<valueSet>
		<source>ESP</source>
		<target>ESP</target>
	</valueSet>
	<valueSet>
		<source>EST</source>
		<target>EST</target>
	</valueSet>
	<valueSet>
		<source>EXP</source>
		<target>EXP</target>
	</valueSet>
	<valueSet>
		<source>EXTN</source>
		<target>EXTN</target>
	</valueSet>
	<valueSet>
		<source>FAY</source>
		<target>FAWY</target>
	</valueSet>
	<valueSet>
		<source>FITR</source>
		<target>FITR</target>
	</valueSet>
	<valueSet>
		<source>FLAT</source>
		<target>FLAT</target>
	</valueSet>
	<valueSet>
		<source>FOLW</source>
		<target>FOLW</target>
	</valueSet>
	<valueSet>
		<source>FORM</source>
		<target>FORM</target>
	</valueSet>
	<valueSet>
		<source>FR</source>
		<target>FRTG</target>
	</valueSet>
	<valueSet>
		<source>FRNT</source>
		<target>FRNT</target>
	</valueSet>
	<valueSet>
		<source>FSHR</source>
		<target>FSHR</target>
	</valueSet>
	<valueSet>
		<source>FTRK</source>
		<target>FTRK</target>
	</valueSet>
	<valueSet>
		<source>FTWY</source>
		<target>FTWY</target>
	</valueSet>
	<valueSet>
		<source>FWY</source>
		<target>FWY</target>
	</valueSet>
	<valueSet>
		<source>GAP</source>
		<target>GAP</target>
	</valueSet>
	<valueSet>
		<source>GDN</source>
		<target>GDN</target>
	</valueSet>
	<valueSet>
		<source>GDNS</source>
		<target>GDNS</target>
	</valueSet>
	<valueSet>
		<source>GE</source>
		<target>GE</target>
	</valueSet>
	<valueSet>
		<source>GTE</source>
		<target>GTE</target>
	</valueSet>
	<valueSet>
		<source>GTES</source>
		<target>GTES</target>
	</valueSet>
	<valueSet>
		<source>GLD</source>
		<target>GLD</target>
	</valueSet>
	<valueSet>
		<source>GLN</source>
		<target>GLEN</target>
	</valueSet>
	<valueSet>
		<source>GLY</source>
		<target>GLY</target>
	</valueSet>
	<valueSet>
		<source>GRA</source>
		<target>GRA</target>
	</valueSet>
	<valueSet>
		<source>GRN</source>
		<target>GRN</target>
	</valueSet>
	<valueSet>
		<source>GRD</source>
		<target>GRND</target>
	</valueSet>
	<valueSet>
		<source>GVE</source>
		<target>GR</target>
	</valueSet>
	<valueSet>
		<source>HILL</source>
		<target>HILL</target>
	</valueSet>
	<valueSet>
		<source>HRD</source>
		<target>HRD</target>
	</valueSet>
	<valueSet>
		<source>HTS</source>
		<target>HTS</target>
	</valueSet>
	<valueSet>
		<source>HWY</source>
		<target>HWY</target>
	</valueSet>
	<valueSet>
		<source>INTG</source>
		<target>INTG</target>
	</valueSet>
	<valueSet>
		<source>INTN</source>
		<target>INTN</target>
	</valueSet>
	<valueSet>
		<source>JN</source>
		<target>JNC</target>
	</valueSet>
	<valueSet>
		<source>KEY</source>
		<target>KEY</target>
	</valueSet>
	<valueSet>
		<source>LA</source>
		<target>LANE</target>
	</valueSet>
	<valueSet>
		<source>LDG</source>
		<target>LDG</target>
	</valueSet>
	<valueSet>
		<source>LEES</source>
		<target>LEES</target>
	</valueSet>
	<valueSet>
		<source>LINE</source>
		<target>LNE</target>
	</valueSet>
	<valueSet>
		<source>LK</source>
		<target>LINK</target>
	</valueSet>
	<valueSet>
		<source>LKT</source>
		<target>LKT</target>
	</valueSet>
	<valueSet>
		<source>LNWY</source>
		<target>LNWY</target>
	</valueSet>
	<valueSet>
		<source>LP</source>
		<target>LOOP</target>
	</valueSet>
	<valueSet>
		<source>LT</source>
		<target>LT</target>
	</valueSet>
	<valueSet>
		<source>LWR</source>
		<target>LWR</target>
	</valueSet>
	<valueSet>
		<source>MALL</source>
		<target>MALL</target>
	</valueSet>
	<valueSet>
		<source>MD</source>
		<target>MD</target>
	</valueSet>
	<valueSet>
		<source>ME</source>
		<target>MEWS</target>
	</valueSet>
	<valueSet>
		<source>MEW</source>
		<target>MEW</target>
	</valueSet>
	<valueSet>
		<source>ML</source>
		<target>ML</target>
	</valueSet>
	<valueSet>
		<source>MNDR</source>
		<target>MNDR</target>
	</valueSet>
	<valueSet>
		<source>MT</source>
		<target>MT</target>
	</valueSet>
	<valueSet>
		<source>MW</source>
		<target>MW</target>
	</valueSet>
	<valueSet>
		<source>MWY</source>
		<target>MWY</target>
	</valueSet>
	<valueSet>
		<source>NK</source>
		<target>NOOK</target>
	</valueSet>
	<valueSet>
		<source>OTHER_STREET_TYPE</source>
		<target>OTHER_STREET_TYPE</target>
	</valueSet>
	<valueSet>
		<source>OUT</source>
		<target>OTLK</target>
	</valueSet>
	<valueSet>
		<source>PARK</source>
		<target>PARK</target>
	</valueSet>
	<valueSet>
		<source>PART</source>
		<target>PART</target>
	</valueSet>
	<valueSet>
		<source>PDE</source>
		<target>PDE</target>
	</valueSet>
	<valueSet>
		<source>PWY</source>
		<target>PKWY</target>
	</valueSet>
	<valueSet>
		<source>PSS</source>
		<target>PASS</target>
	</valueSet>
	<valueSet>
		<source>PHWY</source>
		<target>PHWY</target>
	</valueSet>
	<valueSet>
		<source>PIAZ</source>
		<target>PIAZ</target>
	</valueSet>
	<valueSet>
		<source>PKLD</source>
		<target>PKLD</target>
	</valueSet>
	<valueSet>
		<source>PKT</source>
		<target>PKT</target>
	</valueSet>
	<valueSet>
		<source>PLAT</source>
		<target>PLAT</target>
	</valueSet>
	<valueSet>
		<source>PTH</source>
		<target>PATH</target>
	</valueSet>
	<valueSet>
		<source>PL</source>
		<target>PL</target>
	</valueSet>
	<valueSet>
		<source>PLZ</source>
		<target>PLZA</target>
	</valueSet>
	<valueSet>
		<source>PNT</source>
		<target>PNT</target>
	</valueSet>
	<valueSet>
		<source>PORT</source>
		<target>PORT</target>
	</valueSet>
	<valueSet>
		<source>PRM</source>
		<target>PROM</target>
	</valueSet>
	<valueSet>
		<source>QDG</source>
		<target>QDGL</target>
	</valueSet>
	<valueSet>
		<source>QD</source>
		<target>QDRT</target>
	</valueSet>
	<valueSet>
		<source>QUAD</source>
		<target>QUAD</target>
	</valueSet>
	<valueSet>
		<source>QY</source>
		<target>QY</target>
	</valueSet>
	<valueSet>
		<source>QYS</source>
		<target>QYS</target>
	</valueSet>
	<valueSet>
		<source>RAMP</source>
		<target>RAMP</target>
	</valueSet>
	<valueSet>
		<source>RCH</source>
		<target>RCH</target>
	</valueSet>
	<valueSet>
		<source>RES</source>
		<target>RES</target>
	</valueSet>
	<valueSet>
		<source>RST</source>
		<target>REST</target>
	</valueSet>
	<valueSet>
		<source>RTT</source>
		<target>RTT</target>
	</valueSet>
	<valueSet>
		<source>RDG</source>
		<target>RDGE</target>
	</valueSet>
	<valueSet>
		<source>RTW</source>
		<target>ROWY</target>
	</valueSet>
	<valueSet>
		<source>RGWY</source>
		<target>RGWY</target>
	</valueSet>
	<valueSet>
		<source>RISE</source>
		<target>RI</target>
	</valueSet>
	<valueSet>
		<source>RIDE</source>
		<target>RIDE</target>
	</valueSet>
	<valueSet>
		<source>RING</source>
		<target>RING</target>
	</valueSet>
	<valueSet>
		<source>RMBL</source>
		<target>RMBL</target>
	</valueSet>
	<valueSet>
		<source>RD</source>
		<target>RD</target>
	</valueSet>
	<valueSet>
		<source>RDS</source>
		<target>RDS</target>
	</valueSet>
	<valueSet>
		<source>RDSD</source>
		<target>RDSD</target>
	</valueSet>
	<valueSet>
		<source>RDY</source>
		<target>RDWY</target>
	</valueSet>
	<valueSet>
		<source>RND</source>
		<target>RND</target>
	</valueSet>
	<valueSet>
		<source>RNDE</source>
		<target>RNDE</target>
	</valueSet>
	<valueSet>
		<source>RNGE</source>
		<target>RNGE</target>
	</valueSet>
	<valueSet>
		<source>RSBL</source>
		<target>RSBL</target>
	</valueSet>
	<valueSet>
		<source>RTE</source>
		<target>RTE</target>
	</valueSet>
	<valueSet>
		<source>RTY</source>
		<target>RTY</target>
	</valueSet>
	<valueSet>
		<source>RUE</source>
		<target>RUE</target>
	</valueSet>
	<valueSet>
		<source>RUN</source>
		<target>RUN</target>
	</valueSet>
	<valueSet>
		<source>RVR</source>
		<target>RVR</target>
	</valueSet>
	<valueSet>
		<source>RVRA</source>
		<target>RVRA</target>
	</valueSet>
	<valueSet>
		<source>RVWY</source>
		<target>RVWY</target>
	</valueSet>
	<valueSet>
		<source>ROW</source>
		<target>ROW</target>
	</valueSet>
	<valueSet>
		<source>SBWY</source>
		<target>SBWY</target>
	</valueSet>
	<valueSet>
		<source>SDG</source>
		<target>SDNG</target>
	</valueSet>
	<valueSet>
		<source>SHWY</source>
		<target>SHWY</target>
	</valueSet>
	<valueSet>
		<source>SLPE</source>
		<target>SLPE</target>
	</valueSet>
	<valueSet>
		<source>SND</source>
		<target>SND</target>
	</valueSet>
	<valueSet>
		<source>SPUR</source>
		<target>SPUR</target>
	</valueSet>
	<valueSet>
		<source>SQ</source>
		<target>SQ</target>
	</valueSet>
	<valueSet>
		<source>ST</source>
		<target>ST</target>
	</valueSet>
	<valueSet>
		<source>STPS</source>
		<target>STPS</target>
	</valueSet>
	<valueSet>
		<source>STRA</source>
		<target>STRA</target>
	</valueSet>
	<valueSet>
		<source>STRP</source>
		<target>STRP</target>
	</valueSet>
	<valueSet>
		<source>STRS</source>
		<target>STRS</target>
	</valueSet>
	<valueSet>
		<source>STS</source>
		<target>STS</target>
	</valueSet>
	<valueSet>
		<source>SWY</source>
		<target>SWY</target>
	</valueSet>
	<valueSet>
		<source>TA</source>
		<target>TA</target>
	</valueSet>
	<valueSet>
		<source>TARN</source>
		<target>TARN</target>
	</valueSet>
	<valueSet>
		<source>TCE</source>
		<target>TCE</target>
	</valueSet>
	<valueSet>
		<source>THOR</source>
		<target>THOR</target>
	</valueSet>
	<valueSet>
		<source>TKWY</source>
		<target>TKY</target>
	</valueSet>
	<valueSet>
		<source>TN</source>
		<target>TN</target>
	</valueSet>
	<valueSet>
		<source>TOP</source>
		<target>TOP</target>
	</valueSet>
	<valueSet>
		<source>TOR</source>
		<target>TOR</target>
	</valueSet>
	<valueSet>
		<source>TRI</source>
		<target>TRI</target>
	</valueSet>
	<valueSet>
		<source>TWY</source>
		<target>TLWY</target>
	</valueSet>
	<valueSet>
		<source>TRK</source>
		<target>TRK</target>
	</valueSet>
	<valueSet>
		<source>TRL</source>
		<target>TRL</target>
	</valueSet>
	<valueSet>
		<source>TRLR</source>
		<target>TRLR</target>
	</valueSet>
	<valueSet>
		<source>TURN</source>
		<target>TURN</target>
	</valueSet>
	<valueSet>
		<source>TWRS</source>
		<target>TWRS</target>
	</valueSet>
	<valueSet>
		<source>TY</source>
		<target>TY</target>
	</valueSet>
	<valueSet>
		<source>UNKNOWN</source>
		<target>UNKNOWN</target>
	</valueSet>
	<valueSet>
		<source>UPAS</source>
		<target>UPAS</target>
	</valueSet>
	<valueSet>
		<source>UPR</source>
		<target>UPR</target>
	</valueSet>
	<valueSet>
		<source>VALE</source>
		<target>VALE</target>
	</valueSet>
	<valueSet>
		<source>VDCT</source>
		<target>VDCT</target>
	</valueSet>
	<valueSet>
		<source>VE</source>
		<target>VE</target>
	</valueSet>
	<valueSet>
		<source>VLLS</source>
		<target>VLLS</target>
	</valueSet>
	<valueSet>
		<source>VSTA</source>
		<target>VSTA</target>
	</valueSet>
	<valueSet>
		<source>VW</source>
		<target>VIEW</target>
	</valueSet>
	<valueSet>
		<source>VY</source>
		<target>VY</target>
	</valueSet>
	<valueSet>
		<source>WK</source>
		<target>WALK</target>
	</valueSet>
	<valueSet>
		<source>WADE</source>
		<target>WADE</target>
	</valueSet>
	<valueSet>
		<source>WAY</source>
		<target>WAY</target>
	</valueSet>
	<valueSet>
		<source>WHRF</source>
		<target>WHRF</target>
	</valueSet>
	<valueSet>
		<source>WKY</source>
		<target>WKWY</target>
	</valueSet>
	<valueSet>
		<source>WT</source>
		<target>WT</target>
	</valueSet>
	<valueSet>
		<source>WND</source>
		<target>WYND</target>
	</valueSet>
	<valueSet>
		<source>YARD</source>
		<target>YARD</target>
	</valueSet>
</referenceData>
