<?xml version="1.0" encoding="UTF-8"?>
<referenceData category="CountryCodeISO">
	<valueSet>
		<source>AFGHANISTAN</source>
		<target>AFG</target>
	</valueSet>
	<valueSet>
		<source>ALAND_ISLANDS</source>
		<target>ALA</target>
	</valueSet>
	<valueSet>
		<source>ALBANIA</source>
		<target>ALB</target>
	</valueSet>
	<valueSet>
		<source>ALGERIA</source>
		<target>DZA</target>
	</valueSet>
	<valueSet>
		<source>AMERICAN_SAMOA</source>
		<target>ASM</target>
	</valueSet>
	<valueSet>
		<source>ANDORRA</source>
		<target>AND</target>
	</valueSet>
	<valueSet>
		<source>ANGOLA</source>
		<target>AGO</target>
	</valueSet>
	<valueSet>
		<source>ANGUILLA</source>
		<target>AIA</target>
	</valueSet>
	<valueSet>
		<source>ANTARCTICA</source>
		<target>ATA</target>
	</valueSet>
	<valueSet>
		<source>ANTIGUA_AND_BARBUDA</source>
		<target>ATG</target>
	</valueSet>
	<valueSet>
		<source>ARGENTINA</source>
		<target>ARG</target>
	</valueSet>
	<valueSet>
		<source>ARMENIA</source>
		<target>ARM</target>
	</valueSet>
	<valueSet>
		<source>ARUBA</source>
		<target>ABW</target>
	</valueSet>
	<valueSet>
		<source>AUSTRALIA</source>
		<target>AUS</target>
	</valueSet>
	<valueSet>
		<source>AUSTRIA</source>
		<target>AUT</target>
	</valueSet>
	<valueSet>
		<source>AZERBAIJAN</source>
		<target>AZE</target>
	</valueSet>
	<valueSet>
		<source>BAHRAIN</source>
		<target>BHR</target>
	</valueSet>
	<valueSet>
		<source>BANGLADESH</source>
		<target>BGD</target>
	</valueSet>
	<valueSet>
		<source>BARBADOS</source>
		<target>BRB</target>
	</valueSet>
	<valueSet>
		<source>BELARUS</source>
		<target>BLR</target>
	</valueSet>
	<valueSet>
		<source>BELGIUM</source>
		<target>BEL</target>
	</valueSet>
	<valueSet>
		<source>BELIZE</source>
		<target>BLZ</target>
	</valueSet>
	<valueSet>
		<source>BENIN</source>
		<target>BEN</target>
	</valueSet>
	<valueSet>
		<source>BERMUDA</source>
		<target>BMU</target>
	</valueSet>
	<valueSet>
		<source>BHUTAN</source>
		<target>BTN</target>
	</valueSet>
	<valueSet>
		<source>BOLIVIA</source>
		<target>BOL</target>
	</valueSet>
	<valueSet>
		<source>BOSNIA_AND_HERZEGOVINA</source>
		<target>BIH</target>
	</valueSet>
	<valueSet>
		<source>BOTSWANA</source>
		<target>BWA</target>
	</valueSet>
	<valueSet>
		<source>BOUVET_ISLAND</source>
		<target>BVT</target>
	</valueSet>
	<valueSet>
		<source>BRAZIL</source>
		<target>BRA</target>
	</valueSet>
	<valueSet>
		<source>BRITISH_INDIAN_OCEAN_TERRITORY</source>
		<target>IOT</target>
	</valueSet>
	<valueSet>
		<source>BRITISH_VIRGIN_ISLANDS</source>
		<target>VGB</target>
	</valueSet>
	<valueSet>
		<source>BRUNEI</source>
		<target>BRN</target>
	</valueSet>
	<valueSet>
		<source>BULGARIA</source>
		<target>BGR</target>
	</valueSet>
	<valueSet>
		<source>BURKINA_FASO</source>
		<target>BFA</target>
	</valueSet>
	<valueSet>
		<source>BURMA</source>
		<target>MMR</target>
	</valueSet>
	<valueSet>
		<source>BURUNDI</source>
		<target>BDI</target>
	</valueSet>
	<valueSet>
		<source>CAMBODIA</source>
		<target>KHM</target>
	</valueSet>
	<valueSet>
		<source>CAMEROON</source>
		<target>CMR</target>
	</valueSet>
	<valueSet>
		<source>CANADA</source>
		<target>CAN</target>
	</valueSet>
	<valueSet>
		<source>CAPE_VERDE</source>
		<target>CPV</target>
	</valueSet>
	<valueSet>
		<source>CAYMAN_ISLANDS</source>
		<target>CYM</target>
	</valueSet>
	<valueSet>
		<source>CENTRAL_AFRICAN_REPUBLIC</source>
		<target>CAF</target>
	</valueSet>
	<valueSet>
		<source>CHAD</source>
		<target>TCD</target>
	</valueSet>
	<valueSet>
		<source>CHILE</source>
		<target>CHL</target>
	</valueSet>
	<valueSet>
		<source>CHINA</source>
		<target>CHN</target>
	</valueSet>
	<valueSet>
		<source>CHRISTMAS_ISLAND</source>
		<target>CXR</target>
	</valueSet>
	<valueSet>
		<source>COCOS_ISLANDS</source>
		<target>CCK</target>
	</valueSet>
	<valueSet>
		<source>COLOMBIA</source>
		<target>COL</target>
	</valueSet>
	<valueSet>
		<source>COMOROS</source>
		<target>COM</target>
	</valueSet>
	<valueSet>
		<source>COOK_ISLANDS</source>
		<target>COK</target>
	</valueSet>
	<valueSet>
		<source>COSTA_RICA</source>
		<target>CRI</target>
	</valueSet>
	<valueSet>
		<source>COTE_DIVOIRE</source>
		<target>CIV</target>
	</valueSet>
	<valueSet>
		<source>CROATIA</source>
		<target>HRV</target>
	</valueSet>
	<valueSet>
		<source>CUBA</source>
		<target>CUB</target>
	</valueSet>
	<valueSet>
		<source>CYPRUS</source>
		<target>CYP</target>
	</valueSet>
	<valueSet>
		<source>CZECH_REPUBLIC</source>
		<target>CZE</target>
	</valueSet>
	<valueSet>
		<source>DEMOCRATIC_REPUBLIC_OF_THE_CONGO</source>
		<target>COG</target>
	</valueSet>
	<valueSet>
		<source>DENMARK</source>
		<target>DNK</target>
	</valueSet>
	<valueSet>
		<source>DJIBOUTI</source>
		<target>DJI</target>
	</valueSet>
	<valueSet>
		<source>DOMINICA</source>
		<target>DMA</target>
	</valueSet>
	<valueSet>
		<source>DOMINICAN_REPUBLIC</source>
		<target>DOM</target>
	</valueSet>
	<valueSet>
		<source>ECUADOR</source>
		<target>ECU</target>
	</valueSet>
	<valueSet>
		<source>EGYPT</source>
		<target>EGY</target>
	</valueSet>
	<valueSet>
		<source>EL_SALVADOR</source>
		<target>SLV</target>
	</valueSet>
	<valueSet>
		<source>EQUATORIAL_GUINEA</source>
		<target>GNQ</target>
	</valueSet>
	<valueSet>
		<source>ERITREA</source>
		<target>ERI</target>
	</valueSet>
	<valueSet>
		<source>ESTONIA</source>
		<target>EST</target>
	</valueSet>
	<valueSet>
		<source>ETHIOPIA</source>
		<target>ETH</target>
	</valueSet>
	<valueSet>
		<source>FALKLAND_ISLANDS</source>
		<target>FLK</target>
	</valueSet>
	<valueSet>
		<source>FAROE_ISLANDS</source>
		<target>FRO</target>
	</valueSet>
	<valueSet>
		<source>FEDERATED_STATES_OF_MICRONESIA</source>
		<target>FSM</target>
	</valueSet>
	<valueSet>
		<source>FIJI</source>
		<target>FJI</target>
	</valueSet>
	<valueSet>
		<source>FINLAND</source>
		<target>FIN</target>
	</valueSet>
	<valueSet>
		<source>FRANCE</source>
		<target>FRA</target>
	</valueSet>
	<valueSet>
		<source>FRENCH_GUIANA</source>
		<target>GUF</target>
	</valueSet>
	<valueSet>
		<source>FRENCH_POLYNESIA</source>
		<target>PYF</target>
	</valueSet>
	<valueSet>
		<source>FRENCH_SOUTHERN_AND_ANTARCTIC_LANDS</source>
		<target>ATF</target>
	</valueSet>
	<valueSet>
		<source>GABON</source>
		<target>GAB</target>
	</valueSet>
	<valueSet>
		<source>GEORGIA</source>
		<target>GEO</target>
	</valueSet>
	<valueSet>
		<source>GERMANY</source>
		<target>DEU</target>
	</valueSet>
	<valueSet>
		<source>GHANA</source>
		<target>GHA</target>
	</valueSet>
	<valueSet>
		<source>GIBRALTAR</source>
		<target>GIB</target>
	</valueSet>
	<valueSet>
		<source>GREECE</source>
		<target>GRC</target>
	</valueSet>
	<valueSet>
		<source>GREENLAND</source>
		<target>GRL</target>
	</valueSet>
	<valueSet>
		<source>GRENADA</source>
		<target>GRD</target>
	</valueSet>
	<valueSet>
		<source>GUADELOUPE</source>
		<target>GLP</target>
	</valueSet>
	<valueSet>
		<source>GUAM</source>
		<target>GUM</target>
	</valueSet>
	<valueSet>
		<source>GUATEMALA</source>
		<target>GTM</target>
	</valueSet>
	<valueSet>
		<source>GUINEA-BISSAU</source>
		<target>GNB</target>
	</valueSet>
	<valueSet>
		<source>GUINEA</source>
		<target>GIN</target>
	</valueSet>
	<valueSet>
		<source>GUYANA</source>
		<target>GUY</target>
	</valueSet>
	<valueSet>
		<source>HAITI</source>
		<target>HTI</target>
	</valueSet>
	<valueSet>
		<source>HEARD_ISLAND_AND_MCDONALD_ISLANDS</source>
		<target>HMD</target>
	</valueSet>
	<valueSet>
		<source>HOLY_SEE</source>
		<target>VAT</target>
	</valueSet>
	<valueSet>
		<source>HONDURAS</source>
		<target>HND</target>
	</valueSet>
	<valueSet>
		<source>HONG_KONG</source>
		<target>HKG</target>
	</valueSet>
	<valueSet>
		<source>HUNGARY</source>
		<target>HUN</target>
	</valueSet>
	<valueSet>
		<source>ICELAND</source>
		<target>ISL</target>
	</valueSet>
	<valueSet>
		<source>INDIA</source>
		<target>IND</target>
	</valueSet>
	<valueSet>
		<source>INDONESIA</source>
		<target>IDN</target>
	</valueSet>
	<valueSet>
		<source>IRAN</source>
		<target>IRN</target>
	</valueSet>
	<valueSet>
		<source>IRAQ</source>
		<target>IRQ</target>
	</valueSet>
	<valueSet>
		<source>IRELAND</source>
		<target>IRL</target>
	</valueSet>
	<valueSet>
		<source>ISRAEL</source>
		<target>ISR</target>
	</valueSet>
	<valueSet>
		<source>ITALY</source>
		<target>ITA</target>
	</valueSet>
	<valueSet>
		<source>JAMAICA</source>
		<target>JAM</target>
	</valueSet>
	<valueSet>
		<source>JAPAN</source>
		<target>JPN</target>
	</valueSet>
	<valueSet>
		<source>JORDAN</source>
		<target>JOR</target>
	</valueSet>
	<valueSet>
		<source>KAZAKHSTAN</source>
		<target>KAZ</target>
	</valueSet>
	<valueSet>
		<source>KENYA</source>
		<target>KEN</target>
	</valueSet>
	<valueSet>
		<source>KIRIBATI</source>
		<target>KIR</target>
	</valueSet>
	<valueSet>
		<source>KUWAIT</source>
		<target>KWT</target>
	</valueSet>
	<valueSet>
		<source>KYRGYZSTAN</source>
		<target>KGZ</target>
	</valueSet>
	<valueSet>
		<source>LAOS</source>
		<target>LAO</target>
	</valueSet>
	<valueSet>
		<source>LATVIA</source>
		<target>LVA</target>
	</valueSet>
	<valueSet>
		<source>LEBANON</source>
		<target>LBN</target>
	</valueSet>
	<valueSet>
		<source>LESOTHO</source>
		<target>LSO</target>
	</valueSet>
	<valueSet>
		<source>LIBERIA</source>
		<target>LBR</target>
	</valueSet>
	<valueSet>
		<source>LIBYA</source>
		<target>LBY</target>
	</valueSet>
	<valueSet>
		<source>LIECHTENSTEIN</source>
		<target>LIE</target>
	</valueSet>
	<valueSet>
		<source>LITHUANIA</source>
		<target>LTU</target>
	</valueSet>
	<valueSet>
		<source>LUXEMBOURG</source>
		<target>LUX</target>
	</valueSet>
	<valueSet>
		<source>MACAU</source>
		<target>MAC</target>
	</valueSet>
	<valueSet>
		<source>MACEDONIA</source>
		<target>MKD</target>
	</valueSet>
	<valueSet>
		<source>MADAGASCAR</source>
		<target>MDG</target>
	</valueSet>
	<valueSet>
		<source>MALAWI</source>
		<target>MWI</target>
	</valueSet>
	<valueSet>
		<source>MALAYSIA</source>
		<target>MYS</target>
	</valueSet>
	<valueSet>
		<source>MALDIVES</source>
		<target>MDV</target>
	</valueSet>
	<valueSet>
		<source>MALI</source>
		<target>MLI</target>
	</valueSet>
	<valueSet>
		<source>MALTA</source>
		<target>MLT</target>
	</valueSet>
	<valueSet>
		<source>MARSHALL_ISLANDS</source>
		<target>MHL</target>
	</valueSet>
	<valueSet>
		<source>MAURITANIA</source>
		<target>MRT</target>
	</valueSet>
	<valueSet>
		<source>MAURITIUS</source>
		<target>MUS</target>
	</valueSet>
	<valueSet>
		<source>MAYOTTE</source>
		<target>MYT</target>
	</valueSet>
	<valueSet>
		<source>MEXICO</source>
		<target>MEX</target>
	</valueSet>
	<valueSet>
		<source>MOLDOVA</source>
		<target>MDA</target>
	</valueSet>
	<valueSet>
		<source>MONACO</source>
		<target>MCO</target>
	</valueSet>
	<valueSet>
		<source>MONGOLIA</source>
		<target>MNG</target>
	</valueSet>
	<valueSet>
		<source>MONTSERRAT</source>
		<target>MSR</target>
	</valueSet>
	<valueSet>
		<source>MOROCCO</source>
		<target>MAR</target>
	</valueSet>
	<valueSet>
		<source>MOZAMBIQUE</source>
		<target>MOZ</target>
	</valueSet>
	<valueSet>
		<source>NAMIBIA</source>
		<target>NAM</target>
	</valueSet>
	<valueSet>
		<source>NAURU</source>
		<target>NRU</target>
	</valueSet>
	<valueSet>
		<source>NEPAL</source>
		<target>NPL</target>
	</valueSet>
	<valueSet>
		<source>NETHERLANDS</source>
		<target>NLD</target>
	</valueSet>
	<valueSet>
		<source>NETHERLANDS_ANTILLES</source>
		<target>ANT</target>
	</valueSet>
	<valueSet>
		<source>NEW_CALEDONIA</source>
		<target>NCL</target>
	</valueSet>
	<valueSet>
		<source>NEW_ZEALAND</source>
		<target>NZL</target>
	</valueSet>
	<valueSet>
		<source>NICARAGUA</source>
		<target>NIC</target>
	</valueSet>
	<valueSet>
		<source>NIGER</source>
		<target>NER</target>
	</valueSet>
	<valueSet>
		<source>NIGERIA</source>
		<target>NGA</target>
	</valueSet>
	<valueSet>
		<source>NIUE</source>
		<target>NIU</target>
	</valueSet>
	<valueSet>
		<source>NORFOLK_ISLAND</source>
		<target>NFK</target>
	</valueSet>
	<valueSet>
		<source>NORTHERN_MARIANA_ISLANDS</source>
		<target>MNP</target>
	</valueSet>
	<valueSet>
		<source>NORTH_KOREA</source>
		<target>PRK</target>
	</valueSet>
	<valueSet>
		<source>NORWAY</source>
		<target>NOR</target>
	</valueSet>
	<valueSet>
		<source>OMAN</source>
		<target>OMN</target>
	</valueSet>
	<valueSet>
		<source>OTHER</source>
		<target>CSK</target>
	</valueSet>
	<valueSet>
		<source>PAKISTAN</source>
		<target>PAK</target>
	</valueSet>
	<valueSet>
		<source>PALAU</source>
		<target>PLW</target>
	</valueSet>
	<valueSet>
		<source>PALESTINE</source>
		<target>PSE</target>
	</valueSet>
	<valueSet>
		<source>PANAMA</source>
		<target>PAN</target>
	</valueSet>
	<valueSet>
		<source>PAPUA_NEW_GUINEA</source>
		<target>PNG</target>
	</valueSet>
	<valueSet>
		<source>PERU</source>
		<target>PER</target>
	</valueSet>
	<valueSet>
		<source>PHILIPPINES</source>
		<target>PHL</target>
	</valueSet>
	<valueSet>
		<source>PITCAIRN_ISLANDS</source>
		<target>PCN</target>
	</valueSet>
	<valueSet>
		<source>POLAND</source>
		<target>POL</target>
	</valueSet>
	<valueSet>
		<source>PORTUGAL</source>
		<target>PRT</target>
	</valueSet>
	<valueSet>
		<source>PUERTO_RICO</source>
		<target>PRI</target>
	</valueSet>
	<valueSet>
		<source>QATAR</source>
		<target>QAT</target>
	</valueSet>
	<valueSet>
		<source>REPUBLIC_OF_THE_CONGO</source>
		<target>COG</target>
	</valueSet>
	<valueSet>
		<source>REUNION</source>
		<target>REU</target>
	</valueSet>
	<valueSet>
		<source>ROMANIA</source>
		<target>ROU</target>
	</valueSet>
	<valueSet>
		<source>RUSSIA</source>
		<target>RUS</target>
	</valueSet>
	<valueSet>
		<source>RWANDA</source>
		<target>RWA</target>
	</valueSet>
	<valueSet>
		<source>SAINT_HELENA</source>
		<target>SHN</target>
	</valueSet>
	<valueSet>
		<source>SAINT_KITTS_AND_NEVIS</source>
		<target>KNA</target>
	</valueSet>
	<valueSet>
		<source>SAINT_LUCIA</source>
		<target>LCA</target>
	</valueSet>
	<valueSet>
		<source>SAINT_PIERRE_AND_MIQUELON</source>
		<target>SPM</target>
	</valueSet>
	<valueSet>
		<source>SAINT_VINCENT_AND_THE_GRENADINES</source>
		<target>VCT</target>
	</valueSet>
	<valueSet>
		<source>SAMOA</source>
		<target>ASM</target>
	</valueSet>
	<valueSet>
		<source>SAN_MARINO</source>
		<target>SMR</target>
	</valueSet>
	<valueSet>
		<source>SAO_TOME_AND_PRINCIPE</source>
		<target>STP</target>
	</valueSet>
	<valueSet>
		<source>SAUDI_ARABIA</source>
		<target>SAU</target>
	</valueSet>
	<valueSet>
		<source>SENEGAL</source>
		<target>SEN</target>
	</valueSet>
	<valueSet>
		<source>SERBIA_AND_MONTENEGRO</source>
		<target>YUG</target>
	</valueSet>
	<valueSet>
		<source>SEYCHELLES</source>
		<target>SYC</target>
	</valueSet>
	<valueSet>
		<source>SIERRA_LEONE</source>
		<target>SLE</target>
	</valueSet>
	<valueSet>
		<source>SINGAPORE</source>
		<target>SGP</target>
	</valueSet>
	<valueSet>
		<source>SLOVAKIA</source>
		<target>SVK</target>
	</valueSet>
	<valueSet>
		<source>SLOVENIA</source>
		<target>SVN</target>
	</valueSet>
	<valueSet>
		<source>SOLOMON_ISLANDS</source>
		<target>SLB</target>
	</valueSet>
	<valueSet>
		<source>SOMALIA</source>
		<target>SOM</target>
	</valueSet>
	<valueSet>
		<source>SOUTH_AFRICA</source>
		<target>ZAF</target>
	</valueSet>
	<valueSet>
		<source>SOUTH_GEORGIA_AND_THE_SOUTH_SANDWICH_ISLANDS</source>
		<target>GEO</target>
	</valueSet>
	<valueSet>
		<source>SOUTH_KOREA</source>
		<target>KOR</target>
	</valueSet>
	<valueSet>
		<source>SPAIN</source>
		<target>ESP</target>
	</valueSet>
	<valueSet>
		<source>SRI_LANKA</source>
		<target>LKA</target>
	</valueSet>
	<valueSet>
		<source>SUDAN</source>
		<target>SDN</target>
	</valueSet>
	<valueSet>
		<source>SURINAME</source>
		<target>SUR</target>
	</valueSet>
	<valueSet>
		<source>SVALBARD</source>
		<target>SJM</target>
	</valueSet>
	<valueSet>
		<source>SWAZILAND</source>
		<target>SWZ</target>
	</valueSet>
	<valueSet>
		<source>SWEDEN</source>
		<target>SWE</target>
	</valueSet>
	<valueSet>
		<source>SWITZERLAND</source>
		<target>CHE</target>
	</valueSet>
	<valueSet>
		<source>SYRIA</source>
		<target>SYR</target>
	</valueSet>
	<valueSet>
		<source>TAIWAN</source>
		<target>TWN</target>
	</valueSet>
	<valueSet>
		<source>TAJIKISTAN</source>
		<target>TJK</target>
	</valueSet>
	<valueSet>
		<source>TANZANIA</source>
		<target>TZA</target>
	</valueSet>
	<valueSet>
		<source>THAILAND</source>
		<target>THA</target>
	</valueSet>
	<valueSet>
		<source>THE_BAHAMAS</source>
		<target>BHS</target>
	</valueSet>
	<valueSet>
		<source>THE_GAMBIA</source>
		<target>GMB</target>
	</valueSet>
	<valueSet>
		<source>TIMOR_LESTE</source>
		<target>TLS</target>
	</valueSet>
	<valueSet>
		<source>TOGO</source>
		<target>TGO</target>
	</valueSet>
	<valueSet>
		<source>TOKELAU</source>
		<target>TKL</target>
	</valueSet>
	<valueSet>
		<source>TONGA</source>
		<target>TON</target>
	</valueSet>
	<valueSet>
		<source>TRINIDAD_AND_TOBAGO</source>
		<target>TTO</target>
	</valueSet>
	<valueSet>
		<source>TUNISIA</source>
		<target>TUN</target>
	</valueSet>
	<valueSet>
		<source>TURKEY</source>
		<target>TUR</target>
	</valueSet>
	<valueSet>
		<source>TURKMENISTAN</source>
		<target>TKM</target>
	</valueSet>
	<valueSet>
		<source>TURKS_AND_CAICOS_ISLANDS</source>
		<target>TCA</target>
	</valueSet>
	<valueSet>
		<source>TUVALU</source>
		<target>TUV</target>
	</valueSet>
	<valueSet>
		<source>UGANDA</source>
		<target>UGA</target>
	</valueSet>
	<valueSet>
		<source>UKRAINE</source>
		<target>UKR</target>
	</valueSet>
	<valueSet>
		<source>UNITED_ARAB_EMIRATES</source>
		<target>ARE</target>
	</valueSet>
	<valueSet>
		<source>UNITED_KINGDOM</source>
		<target>GBR</target>
	</valueSet>
	<valueSet>
		<source>UNITED_STATES</source>
		<target>USA</target>
	</valueSet>
	<valueSet>
		<source>URUGUAY</source>
		<target>URY</target>
	</valueSet>
	<valueSet>
		<source>US_MINOR_OUTLYING_IS</source>
		<target>UMI</target>
	</valueSet>
	<valueSet>
		<source>UZBEKISTAN</source>
		<target>UZB</target>
	</valueSet>
	<valueSet>
		<source>VANUATU</source>
		<target>VUT</target>
	</valueSet>
	<valueSet>
		<source>VENEZUELA</source>
		<target>VEN</target>
	</valueSet>
	<valueSet>
		<source>VIETNAM</source>
		<target>VNM</target>
	</valueSet>
	<valueSet>
		<source>VIRGIN_ISLANDS</source>
		<target>VIR</target>
	</valueSet>
	<valueSet>
		<source>WALLIS_AND_FUTUNA</source>
		<target>WLF</target>
	</valueSet>
	<valueSet>
		<source>WESTERN_SAHARA</source>
		<target>ESH</target>
	</valueSet>
	<valueSet>
		<source>YEMEN</source>
		<target>YEM</target>
	</valueSet>
	<valueSet>
		<source>ZAMBIA</source>
		<target>ZMB</target>
	</valueSet>
	<valueSet>
		<source>ZIMBABWE</source>
		<target>ZWE</target>
	</valueSet>
</referenceData>
