<CarErrorCodes>
	<CarService name="MobileCommunication01">
		<CarException httpCode="500" StatusCode="100" StatusDescription="General Error">
			<provider name="SMSGlobal" StatusCode="402" StatusDescription=""/>
			<provider name="B2BGateway" StatusCode="100" StatusDescription=""/>
		</CarException>
		<CarException httpCode="500" StatusCode="100" StatusDescription="General Error">
			<provider name="SMSGlobal" StatusCode="11" StatusDescription=""/>
		</CarException>
		<CarException httpCode="500" StatusCode="9100" StatusDescription="Sufficient credit not available to process the mobile communication">
			<provider name="SMSGlobal" StatusCode="88" StatusDescription=""/>
		</CarException>
		<CarException httpCode="500" StatusCode="100" StatusDescription="General Error">
			<provider name="SMSGlobal" StatusCode="102" StatusDescription=""/>
		</CarException>
		<CarException httpCode="500" StatusCode="9101" StatusDescription="Invalid Source or Destination Contact Point">
			<provider name="SMSGlobal" StatusCode="8" StatusDescription=""/>
		</CarException>
		<CarException httpCode="500" StatusCode="9102" StatusDescription="Invalid credentials">
			<provider name="SMSGlobal" StatusCode="401" StatusDescription=""/>
		</CarException>
		<CarException httpCode="500" StatusCode="9103" StatusDescription="Unable to contact the communication carrier">
			<provider name="SMSGlobal" StatusCode="13" StatusDescription=""/>
		</CarException>
		<CarException httpCode="500" StatusCode="200" StatusDescription="General Data Error">
			<provider name="B2BGateway" StatusCode="200" StatusDescription=""/>
		</CarException>
		<CarException httpCode="500" StatusCode="300" StatusDescription="System Not Available">
			<provider name="B2BGateway" StatusCode="300" StatusDescription=""/>
		</CarException>
	</CarService>
</CarErrorCodes>