<businessEvent name="MobileCommunication" version="V1" type="RequestReply" enabled="true" conditionalRouting="no">
	<!--
	Actions:
		The actions would apply the properties as defined in it.
	AVAILABLE ACTIONS:
		AAA : Performs authorisation on the specified AD Group
		STRIP-SOAP : Strips the SOAP Envelope
		SCHEMA-VALIDATE : Validates message against the specified schema
		ADD-SOAP : Adds the SOAP Envelope
		HTTP-RQHEADER-HANDLER : HTTP Request Header Handler, sets the header values as specified in the parameter <header>
		HTTP-RSHEADER-HANDLER : HTTP Response Header Handler, sets the header values as specified in the parameter <header>
	 	MQ-RQHEADER-HANDLER: MQ Request Header Handler
	 	
	 The system allows to define custom actions which to specify the complete style sheet path to be executed
		Ex: <action name="SetContext" type="custom">local://ondisk/services/SSXmltoXml/01/custom/TrdngAcctAdd_SetContext.xsl</action>
		
	 -->
	<!--
	 	consumerConfig section defines 
	 		- actions to be applied on the request message received from consumer
	 		- actions to be applied on the response message sent to consumer
	 		- transform to be applied on the request message received from consumer
	 		- transform to be applied on the response message sent to consumer
	 		- Optional extender, which might require to be executed before the message being sent back to consumer.
	 		   
	 -->
        <LogRule>Common_Log_Rule02</LogRule>
	<sourceConfig>
		<request>
			<actions>
				<action name="AAA" enabled="N">AU RetailSH BS SendSMS</action>
			</actions>
			<scTransform/>
			<sourceNamespace>http://www.anz.com/integration/australia-rcw/mobilecommunication0101/v01.01</sourceNamespace>
			<respElementName>MobileCommunicationResponse</respElementName>
		</request>
		<response>
			<actions/>
			<csTransform/>
		</response>
		<!--
			errorConfig section specifies the stylesheet to executed in case of an error. 
			Its provides option specifies the params to error stylesheet.
	 	 -->
		<errorConfig>
			<errorHandler stylesheet="local:/ondisk/services/SSI/configuration/CSP/MobileErrorHandler.xsl">
				<params>
					<errElementName>MobileCommunicationResponse</errElementName>
					<errNamespace>http://www.anz.com/integration/australia-rcw/mobilecommunication0101/v01.01</errNamespace>
				</params>
			</errorHandler>
		</errorConfig>
	</sourceConfig>
	<!--
		targetConfig section defines
			- actions to be applied on the request message sent to provider
	 		- actions to be applied on the response message received from provider
	 		- transform to be applied on the request message sent to provider
	 		- transform to be applied on the response message received from provider
	 		- provider endpoint configuration 
	 		- Optional extender, which might require to be executed before the message being sent to provider.
	-->
	<targetConfig name="MOBILE">
		<request>
			<actions>
				<action name="HTTP-RQHEADER-HANDLER">
					<!--<header name="Content-Type" valueType="copy"/>
					<header name="Accept" valueType="copy"/>
					<header name="User-Agent" valueType="copy"/>-->
				</action>
			</actions>
			<ctTransform>CSP/MobileCommunication_01/Mobile-ReqTrans.xsl</ctTransform>
			<endpointConfig>
				<uri></uri>
				<targetSystem>MOBILE</targetSystem>
				<timeout>60</timeout>
			</endpointConfig>
		</request>
		<response>
			<actions/>
			<tcTransform>CSP/MobileCommunication_01/Mobile-ResTrans.xsl</tcTransform>
		</response>
	</targetConfig>
	<logConfig>
		<operationName>MobileCommunication</operationName>
	</logConfig>
</businessEvent>