<?xml version="1.0" encoding="UTF-8"?>
<businessEvent name="CSPGetApplication" version="01" type="RequestReply" enabled="true" conditionalRouting="false">
	<LogRule>Common_Log_Rule02</LogRule>
	<sourceConfig>
		<request>
			<actions/>
			<scTransform/>
		</request>
		<response>
			<actions>
				<action name="HTTP-RSHEADER-HANDLER">
					<header name="Content-Type" value="text/xml"/>
				</action>
			</actions>
			<csTransform/>
		</response>
		<errorConfig>
			<errorHandler stylesheet="local://ondisk/services/SSI/configuration/CSP/CSPGetApplication_1.0/POST/ErrorHandler.xsl">
				<params>
					<errElementName/>
				</params>
			</errorHandler>
		</errorConfig>
	</sourceConfig>
	<targetConfig name="CSP">
		<request>
			<actions/>
			<ctTransform>CSP/CSPGetApplication_1.0/POST/GetApplicationRq.xsl</ctTransform>
			<endpointConfig>
				<!-- <uri type="dyn"/>
				<uri-pattern>
                                        <static>/api/customerservciev2</static>
					<dynamic>/CSPGetApplication/PayloadRq/Uri</dynamic>
				</uri-pattern> -->
				<staticUri>/api/customerservciev2</staticUri>
				<uri type="uri-in"/>
				<targetSystem>OLACSP</targetSystem>
				<timeout>17</timeout>
			</endpointConfig>
		</request>
		<response>
			<actions>
				<action type="custom">local://ondisk/services/SSI/transform/CSP/CSPGetApplication_1.0/POST/GetApplicationRs.xsl</action>
			</actions>
			<tcTransform/>
		</response>
	</targetConfig>
	<logConfig>
		<operationName>CSPGetApplication</operationName>
	</logConfig>
</businessEvent>
