<LogOverride>
	<Service name="CreditCheck01_CDP_DnBConsumer123" >
		<!-- ALL/NONE/FRONT/BACK -->
		<log-enabled value="All"/>
		<!-- Y/N -->	
		<detail-log-enabled value="Y"/>	
	</Service>
        <Service name="SwiftOutAdd_CIM_GCIS" >
		<!-- ALL/NONE/FRONT/BACK -->
		<log-enabled value="All"/>
		<!-- Y/N -->	
		<detail-log-enabled value="Y"/>	
	</Service>
	<Service name="CreditCheck01_CDP" >
		<!-- ALL/NONE/FRONT/BACK -->
		<log-enabled value="FRONT"/>
		<!-- Y/N -->	
		<detail-log-enabled value="N"/>	
	</Service>
        <Service name="EasyTransacttoCIM">
	     <log-enabled value="FRONT"/>
	     <detail-log-enabled value="Y"/>	
	</Service>
        <Service name="CIMtoEasyTransact">
	     <log-enabled value="FRONT"/>
	     <detail-log-enabled value="Y"/>	
	</Service>
</LogOverride>