<?xml version="1.0" encoding="UTF-8"?>
<businessEvent name="ResumeEV" version="01" type="RequestReply" enabled="true" conditionalRouting="false">
	<LogRule>Common_Log_Rule02</LogRule>
	<sourceConfig>
		<request>
			<actions>
				<action name="AAA" enabled="N">Rg_Svc AU RetailSH BS EV - Resume</action>
			</actions>
			<scTransform/>
		</request>
		<response>
			<actions>
				<action name="HTTP-RSHEADER-HANDLER">
					<header name="Content-Type" value="text/xml"/>
					<header name="requestId" value="/ResumeEV/PayloadRs/requestId" valueType="xpath"/>
				</action>
			</actions>
			<csTransform/>
		</response>
		<errorConfig>
			<errorHandler stylesheet="local://ondisk/services/SSI/configuration/customer/ErrorHandler.xsl">
				<params>
					<errElementName/>
				</params>
			</errorHandler>
		</errorConfig>
	</sourceConfig>
	<targetConfig name="CSP">
		<request>
			<actions>
		    	 <!--       <action type="custom">local://ondisk/services/SSI/customer/resume_v01/ResumeEVRq.xsl</action> -->
				<action name="HTTP-RQHEADER-HANDLER">
					<method>POST</method>
					<header name="ANZ-Application-ID " value="/ResumeEV/PayloadRq/ANZ-Application-ID" valueType="xpath"/>
					<header name="ANZ-Application-Version " value="/ResumeEV/PayloadRq/ANZ-Application-Version" valueType="xpath"/>
					<header name="requestId " value="/ResumeEV/PayloadRq/requestId" valueType="xpath"/>
					<header name="branchId " value="/ResumeEV/PayloadRq/branchId" valueType="xpath"/>
					<header name="terminalId " value="/ResumeEV/PayloadRq/terminalId" valueType="xpath"/>
					<header name="origApp " value="/ResumeEV/PayloadRq/origApp" valueType="xpath"/>
					<header name="initCompany " value="/ResumeEV/PayloadRq/initCompany" valueType="xpath"/>
                                        <header name="Origin" value="/ResumeEV/PayloadRq/Origin" valueType="xpath"/>
                                        <header name="JWT-Token" value="/ResumeEV/PayloadRq/Auth" valueType="xpath"/>
                                        <header name="User-Agent" value="/ResumeEV/PayloadRq/User-Agent" valueType="xpath"/>
					<header name="Accept" value="application/vnd.csp-anz.com+json;version=1.0" valueType="set"/>
                                        <header name="Content-Type" value="application/json" valueType="set"/>
				</action>
			</actions>
                       <ctTransform>customer/resume_v01/ResumeEVRq.xsl</ctTransform>   
			<endpointConfig>
				<uri type="dyn"/>
                                <uri-pattern>
                                   <static>/api/electronicverification/verifications/electronic/</static>
                                   <dynamic>ResumeEV/PayloadRq/referenceId</dynamic>
                                   <static>/validate</static>
                                 </uri-pattern> 
				<targetSystem>CSP</targetSystem>
				<timeout>90</timeout>
			</endpointConfig>
		</request>
		<response>
			<actions>
				<action type="custom">local://ondisk/services/SSI/transform/customer/resume_v01/ResumeEVRs.xsl</action>
			</actions>
			<tcTransform/>
		</response>
	</targetConfig>
	<logConfig>
		<operationName>ResumeEV01</operationName>
	</logConfig>
</businessEvent>