<?xml version="1.0" encoding="UTF-8"?>
<businessEvent name="AccountAuthInq" version="01" type="RequestReply" enabled="true" conditionalRouting="true">
	<sourceConfig>
		<request>
			<actions>
				<action name="AAA" enabled="N">AU RetailSH BS AccountAuthInq</action>
			</actions>
			<scTransform>Customer/AccountAuthInq_V01/POST/AccountAuthInq_Req_SC.xsl</scTransform>
		</request>
		<response>
			<actions>
				<action name="HTTP-RSHEADER-HANDLER">
					<header name="Content-Type" valueType="text/xml"/>
				</action>
			</actions>
			<csTransform>Customer/AccountAuthInq_V01/POST/AccountAuthInq_Res_CS.xsl</csTransform>
		</response>
		<errorConfig>
			<errorHandler stylesheet="local:///ondisk/services/SSI/configuration/Customer/AccountAuthInq_V01/POST/ErrorHandler.xsl">
				<params>
					<errContentType>text/xml</errContentType>
				</params>
			</errorHandler>
		</errorConfig>
	</sourceConfig>
	<!-- <targetConfig name="CTM">
		<request>
			<actions>
                            <action name="MQ-RQHEADER-HANDLER">
                            <msgExpiry>200</msgExpiry>
			<msgPersistence>0</msgPersistence>
                           <MQMDReplyToQ>PWSDP.CHNLSH.THA.ACCTAUTHINQ.RESP.01</MQMDReplyToQ>
                            <CodedCharSetId>1208</CodedCharSetId> 
                            </action>                            
                           </actions> 
			<endpointConfig>
                          <uri>/?RequestQueue=PCOZ.ODS.LR.REQUEST;ReplyQueue=PWSDP.CHNLSH.THA.ACCTAUTHINQ.RESP.01</uri>
                          <targetSystem>CTM</targetSystem>
                          <timeout>20</timeout>
	                 </endpointConfig>
		<ctTransform>Customer/AccountAuthInq_V01/POST/AcctAuthInqReq_Source_CTM.dpa</ctTransform>	
		</request>
		<response>
			<actions/>
			<tcTransform>Customer/AccountAuthInq_V01/POST/AcctAuthInqRes_CTM_Source.dpa</tcTransform>
		</response>
	</targetConfig> -->
	<targetConfig name="CTM_V">
		<filter>Customer/AccountAuthInq_V01/POST/CTM_VFilter.xsl</filter>
		<request>
			<actions>
				<action name="MQ-RQHEADER-HANDLER">
					<msgExpiry>200</msgExpiry>
					<msgPersistence>0</msgPersistence>
					<MQMDReplyToQ>PWSDP.CHNLSH.THA.ACCTAUTHINQ.RESP.01</MQMDReplyToQ>
				</action>
			</actions>
			<endpointConfig>
				<uri>/?RequestQueue=PCOZ.ODS.LR.REQUEST;ReplyQueue=PWSDP.CHNLSH.THA.ACCTAUTHINQ.RESP.01</uri>
				<targetSystem>CTM_V</targetSystem>
				<timeout>20</timeout>
			</endpointConfig>
			<ctTransform>Customer/AccountAuthInq_V01/POST/AcctAuthInqReq_Source_CTM.dpa</ctTransform>
		</request>
		<response>
			<actions/>
			<tcTransform>Customer/AccountAuthInq_V01/POST/AcctAuthInqRes_CTM_Source.dpa</tcTransform>
		</response>
	</targetConfig>
	<targetConfig name="CTM_K">
		<filter>Customer/AccountAuthInq_V01/POST/CTM_KFilter.xsl</filter>
		<request>
			<actions>
				<action name="MQ-RQHEADER-HANDLER">
					<msgExpiry>200</msgExpiry>
					<msgPersistence>0</msgPersistence>
					<MQMDReplyToQ>PWSDP.CHNLSH.THA.ACCTAUTHINQ.RESP.01</MQMDReplyToQ>
				</action>
			</actions>
			<endpointConfig>
				<uri>/?RequestQueue=PCOZ.ODS.LR.REQUEST;ReplyQueue=PWSDP.CHNLSH.THA.ACCTAUTHINQ.RESP.01</uri>
				<targetSystem>CTM_K</targetSystem>
				<timeout>9</timeout>
			</endpointConfig>
			<ctTransform>Customer/AccountAuthInq_V01/POST/AcctAuthInqReq_Source_CTM.dpa</ctTransform>
		</request>
		<response>
			<actions/>
			<tcTransform>Customer/AccountAuthInq_V01/POST/AcctAuthInqRes_CTM_Source.dpa</tcTransform>
		</response>
	</targetConfig>
	<!-- Adding new Region J -->
	<targetConfig name="CTM_J">
		<filter>Customer/AccountAuthInq_V01/POST/CTM_JFilter.xsl</filter>
		<request>
			<actions>
				<action name="MQ-RQHEADER-HANDLER">
					<msgExpiry>200</msgExpiry>
					<msgPersistence>0</msgPersistence>
					<MQMDReplyToQ>PWSDP.CHNLSH.THA.ACCTAUTHINQ.RESP.01</MQMDReplyToQ>
				</action>
			</actions>
			<endpointConfig>
				<uri>/?RequestQueue=PCOZ.ODS.LR.REQUEST;ReplyQueue=PWSDP.CHNLSH.THA.ACCTAUTHINQ.RESP.01</uri>
				<targetSystem>CTM_J</targetSystem>
				<timeout>20</timeout>
			</endpointConfig>
			<ctTransform>Customer/AccountAuthInq_V01/POST/AcctAuthInqReq_Source_CTM.dpa</ctTransform>
		</request>
		<response>
			<actions/>
			<tcTransform>Customer/AccountAuthInq_V01/POST/AcctAuthInqRes_CTM_Source.dpa</tcTransform>
		</response>
	</targetConfig>
	<!-- Closing targetConfig for Region J -->
	<logConfig>
		<operationName>AccountAuthInq</operationName>
	</logConfig>
	<LogRule>Common_Log_Rule02</LogRule>
</businessEvent>