<?xml version="1.0" encoding="UTF-8" ?>
<LookupConfig>
<ErrorConfig ProviderCode="716">
<IFXErrorCode>2200</IFXErrorCode>
<IFXErrorDesc>History Not Available for Full Date Range</IFXErrorDesc>
<IFXErrorSeverity>Warning</IFXErrorSeverity>
</ErrorConfig>

<ErrorConfig ProviderCode="902">
<IFXErrorCode>2300</IFXErrorCode>
<IFXErrorDesc>The Specified single account or source account identification aggregate contains invalid data or was not found.</IFXErrorDesc>
<IFXErrorSeverity>Error</IFXErrorSeverity>
</ErrorConfig>

</LookupConfig>

