<businessEvent name="MobileCommunication01" version="v1" type="RequestReply" enabled="true" conditionalRouting="no">
	<LogRule>Common_Log_Rule02</LogRule>
	<sourceConfig>
		<ResRule>SSHTTPRqRplyOutward02_Res_Rule_XML</ResRule>
		<ContentType>XML</ContentType>
		<request>
			<actions>
				<Authorize/>
			</actions>
			<scTransform/>
			<sourceNamespace/>
			<respElementName/>
		</request>
		<response>
			<actions/>
			<csTransform/>
		</response>
		<errorConfig>
			<errorHandler stylesheet="local:/ondisk/services/SSI/configuration/defaultErrorHandler01.xsl">
				<params>
					<errElementName/>
					<errNamespace/>
				</params>
			</errorHandler>
		</errorConfig>
	</sourceConfig>
	<targetConfig name="Hunter">
		<ReqRule>SSHTTPRqRplyOutward02_Req_Rule_XML</ReqRule>
		<ContentType>XML</ContentType>
		<request>
			<actions>
				<action name="HTTP-RQHEADER-HANDLER">
					<header name="Content-Type" value="text/xml" valueType="set"/>
				</action>
                               <action name="custom">local://ondisk/services/SSI/transform/MobileCommunication/v1/RequestProcess.xsl</action> 
			</actions>
			<ctTransform/>
			<endpointConfig>
				<uri type="dynXSL">local://ondisk/services/SSI/transform/MobileCommunication/v1/Routing.xsl</uri>
				<targetSystem>SMSGlobal</targetSystem>
				<timeout>10</timeout>
			</endpointConfig>
		</request>
		<response>
			<actions>
				<action name="HTTP-RSHEADER-HANDLER">
					<header name="Content-Type" value="text/xml" valueType="set"/>
				</action>
			</actions>
			<tcTransform/>
		</response>
	</targetConfig>
	<logConfig>
		<operationName>MobileCommunication01</operationName>
	</logConfig>
</businessEvent>