<?xml version="1.0" encoding="UTF-8"?>
<businessEvent name="RetrieveHealthCheckDeep" version="01" type="RequestReply" enabled="true" conditionalRouting="false">
	<LogRule>Common_Log_Rule02</LogRule>
	<sourceConfig>
		<request>
			<actions/>
			<scTransform/>
		</request>
		<response>
			<actions>
				<action name="HTTP-RSHEADER-HANDLER">
					<header name="Content-Type" value="text/xml"/>
				</action>
			</actions>
			<csTransform/>
		</response>
		<errorConfig>
			<errorHandler stylesheet="local://ondisk/services/SSI/configuration/TPD/ErrorHandler.xsl">
				<params>
					<errElementName/>
				</params>
			</errorHandler>
		</errorConfig>
	</sourceConfig>
	<targetConfig name="TPDCore">
		<request>
			<actions/>                                                                       
			<ctTransform>TPD/TPDCoreRetrieveHealthCheckDeep_1.0/RetrveHlthChkDeepRq.xsl</ctTransform>
			<endpointConfig>
				<uri type="dyn"/>
                                <uri-pattern>
                                   <dynamic>/TPDCoreRetrieveHealthCheckDeep/PayloadRq/Uri</dynamic>
                                 </uri-pattern>  
				 <targetSystem>TPDCore</targetSystem> 
				<timeout>80</timeout>
			</endpointConfig>
		</request>
		<response>
			<actions>
				<action type="custom">local://ondisk/services/SSI/transform/TPD/TPDCoreRetrieveHealthCheckDeep_1.0/RetrveHlthChkDeepRs.xsl</action>
			</actions>
			<tcTransform/>
		</response>
	</targetConfig>
	<logConfig>
		<operationName>TpdRetrieveHealthCheckDeep</operationName>
	</logConfig>
</businessEvent>