<?xml version="1.0" encoding="UTF-8"?>
<statusMappings>
	<statusMapping providerStatusCode="default">
		<statusCode>8531</statusCode>
		<statusDesc>Security challenge can't be delivered</statusDesc>
		<responseType>fault</responseType>
	</statusMapping>
	<statusMapping providerStatusCode="90001">
		<statusCode>8531</statusCode>
		<statusDesc>Security challenge can't be delivered</statusDesc>
		<responseType>fault</responseType>
	</statusMapping>
	<statusMapping providerStatusCode="90002">
		<statusCode>4530</statusCode>
		<statusDesc>Mandatory data missing</statusDesc>
		<responseType>response</responseType>
	</statusMapping>
	<statusMapping providerStatusCode="90003">
		<statusCode>5533</statusCode>
		<statusDesc>Security challenge delivery failed</statusDesc>
		<responseType>response</responseType>
	</statusMapping>
	<statusMapping providerStatusCode="90004">
		<statusCode>5531</statusCode>
		<statusDesc>Invalid delivery method</statusDesc>
		<responseType>response</responseType>
	</statusMapping>
</statusMappings>
