<?xml version="1.0" encoding="UTF-8"?>
<gatewaypattern name="EasyTransactMQB2BGateway" version="01">
	<service name="EXIT">
		<RoutingUrl>dpmq://AURETAIL_MQQueueManagerGroup/?RequestQueue=PMIT.BS.ARSA.ET.ETSPRANNTCUSTEXIT1;ReplyQueue=PWSDP.B2B.ET.EASYTRANSACTMQB2BGATEWAY.REQUEST</RoutingUrl>
		<SchemaFilePath>local:///ondisk/services/EasyTransactMQB2BGateway/01/Schema/SmartChoice_SuperChoiceMessageSchema.xsd</SchemaFilePath>
			<ConsumerRoutingUrl>dpmq://MQQueueManagerGroup_EasyTransact_UAT/?RequestQueue=SC.TO.ANZSMART.UAT.QUEUE;ReplyQueue=ANZSMART.TO.SC.UAT.QUEUE</ConsumerRoutingUrl>
	</service>
	<service name="EXIT-REPLY">
		<RoutingUrl>dpmq://AURETAIL_MQQueueManagerGroup/?RequestQueue=PMIT.BS.ARSA.ET.ETSPRANNTCUSTEXIT1;ReplyQueue=PWSDP.B2B.ET.EASYTRANSACTMQB2BGATEWAY.REQUEST</RoutingUrl>
		<SchemaFilePath>local:///ondisk/services/EasyTransactMQB2BGateway/01/Schema/SmartChoice_SuperChoiceMessageSchema.xsd</SchemaFilePath>
			<ConsumerRoutingUrl>dpmq://MQQueueManagerGroup_EasyTransact_UAT/?RequestQueue=SC.TO.ANZSMART.UAT.QUEUE;ReplyQueue=ANZSMART.TO.SC.UAT.QUEUE</ConsumerRoutingUrl>
	</service>
	<service name="NEWMEMBER">
		<RoutingUrl>dpmq://AURETAIL_MQQueueManagerGroup/?RequestQueue=PMIT.BS.ARSA.ET.ETSPRANNTCUSTORIG1;ReplyQueue=PWSDP.B2B.ET.EASYTRANSACTMQB2BGATEWAY.REQUEST</RoutingUrl>
		<SchemaFilePath>local:///ondisk/services/EasyTransactMQB2BGateway/01/Schema/SmartChoice_SuperChoiceMessageSchema.xsd</SchemaFilePath>
			<ConsumerRoutingUrl>dpmq://MQQueueManagerGroup_EasyTransact_UAT/?RequestQueue=SC.TO.ANZSMART.UAT.QUEUE;ReplyQueue=ANZSMART.TO.SC.UAT.QUEUE</ConsumerRoutingUrl>
	</service>
	<service name="NEWMEMBER-REPLY">
		<RoutingUrl>dpmq://AURETAIL_MQQueueManagerGroup/?RequestQueue=PMIT.BS.ARSA.ET.ETSPRANNTCUSTORIG1;ReplyQueue=PWSDP.B2B.ET.EASYTRANSACTMQB2BGATEWAY.REQUEST</RoutingUrl>
		<SchemaFilePath>local:///ondisk/services/EasyTransactMQB2BGateway/01/Schema/SmartChoice_SuperChoiceMessageSchema.xsd</SchemaFilePath>
			<ConsumerRoutingUrl>dpmq://MQQueueManagerGroup_EasyTransact_UAT/?RequestQueue=SC.TO.ANZSMART.UAT.QUEUE;ReplyQueue=ANZSMART.TO.SC.UAT.QUEUE</ConsumerRoutingUrl>
	</service>
	<service name="MEMBERAMEND">
		<RoutingUrl>dpmq://AURETAIL_MQQueueManagerGroup/?RequestQueue=PMIT.BS.ARSA.ET.ETSPRANNTCUSTUPD1;ReplyQueue=PWSDP.B2B.ET.EASYTRANSACTMQB2BGATEWAY.REQUEST</RoutingUrl>
		<SchemaFilePath>local:///ondisk/services/EasyTransactMQB2BGateway/01/Schema/SmartChoice_SuperChoiceMessageSchema.xsd</SchemaFilePath>
			<ConsumerRoutingUrl>dpmq://MQQueueManagerGroup_EasyTransact_UAT/?RequestQueue=SC.TO.ANZSMART.UAT.QUEUE;ReplyQueue=ANZSMART.TO.SC.UAT.QUEUE</ConsumerRoutingUrl>
	</service>
	<service name="MEMBERAMEND-REPLY">
		<RoutingUrl>dpmq://AURETAIL_MQQueueManagerGroup/?RequestQueue=PMIT.BS.ARSA.ET.ETSPRANNTCUSTUPD1;ReplyQueue=PWSDP.B2B.ET.EASYTRANSACTMQB2BGATEWAY.REQUEST</RoutingUrl>
		<SchemaFilePath>local:///ondisk/services/EasyTransactMQB2BGateway/01/Schema/SmartChoice_SuperChoiceMessageSchema.xsd</SchemaFilePath>
			<ConsumerRoutingUrl>dpmq://MQQueueManagerGroup_EasyTransact_UAT/?RequestQueue=SC.TO.ANZSMART.UAT.QUEUE;ReplyQueue=ANZSMART.TO.SC.UAT.QUEUE</ConsumerRoutingUrl>
	</service>
	<service name="CONTRIB">
		<RoutingUrl>dpmq://AURETAIL_MQQueueManagerGroup/?RequestQueue=PMIT.BS.ARSA.ET.ETSPRANNTADDCONTRIB1;ReplyQueue=PWSDP.B2B.ET.EASYTRANSACTMQB2BGATEWAY.REQUEST</RoutingUrl>
		<SchemaFilePath>local:///ondisk/services/EasyTransactMQB2BGateway/01/Schema/SmartChoice_SuperChoiceMessageSchema.xsd</SchemaFilePath>
		<ConsumerRoutingUrl>dpmq://MQQueueManagerGroup_EasyTransact_UAT/?RequestQueue=SC.TO.ANZSMART.UAT.QUEUE;ReplyQueue=ANZSMART.TO.SC.UAT.QUEUE</ConsumerRoutingUrl>
	</service>
	<service name="CONTRIB-REPLY">
		<RoutingUrl>dpmq://AURETAIL_MQQueueManagerGroup/?RequestQueue=PMIT.BS.ARSA.ET.ETSPRANNTADDCONTRIB1;ReplyQueue=PWSDP.B2B.ET.EASYTRANSACTMQB2BGATEWAY.REQUEST</RoutingUrl>
		<SchemaFilePath>local:///ondisk/services/EasyTransactMQB2BGateway/01/Schema/SmartChoice_SuperChoiceMessageSchema.xsd</SchemaFilePath>
		<ConsumerRoutingUrl>dpmq://MQQueueManagerGroup_EasyTransact_UAT/?RequestQueue=SC.TO.ANZSMART.UAT.QUEUE;ReplyQueue=ANZSMART.TO.SC.UAT.QUEUE</ConsumerRoutingUrl>
	</service>
    <service name="PAYMENT">
               <RoutingUrl>dpmq://AURETAIL_MQQueueManagerGroup/?RequestQueue=PMIT.BS.ARSA.ET.ETSPRANNTADDCONTRIB1;ReplyQueue=PWSDP.B2B.ET.EASYTRANSACTMQB2BGATEWAY.REQUEST</RoutingUrl>
               <SchemaFilePath>local:///ondisk/services/EasyTransactMQB2BGateway/01/Schema/SmartChoice_SuperChoiceMessageSchema.xsd</SchemaFilePath>
               <ConsumerRoutingUrl>dpmq://MQQueueManagerGroup_EasyTransact_UAT/?RequestQueue=SC.TO.ANZSMART.UAT.QUEUE;ReplyQueue=ANZSMART.TO.SC.UAT.QUEUE</ConsumerRoutingUrl>
    </service>		 
	<service name="memberSyncRequest">
               <RoutingUrl>dpmq://AURETAIL_MQQueueManagerGroup/?RequestQueue=PMIT.BS.ARSA.ET.ETSPRANNTCUSTADVISE1;ReplyQueue=PWSDP.B2B.ET.EASYTRANSACTMQB2BGATEWAY.REQUEST</RoutingUrl>
                <SchemaFilePath>local:/ondisk/services/EasyTransactMQB2BGateway/01/Schema/integration/v1/member/memberSyncService.xsd</SchemaFilePath>
               <ConsumerRoutingUrl>dpmq://MQQueueManagerGroup_EasyTransact_UAT/?RequestQueue=SC.TO.ANZ.UAT.SYNC;ReplyQueue=ANZ.TO.SC.UAT.SYNC</ConsumerRoutingUrl>
        </service>
        <service name="memberSyncResponse">
               <RoutingUrl>dpmq://AURETAIL_MQQueueManagerGroup/?RequestQueue=PMIT.BS.ARSA.ET.ETSPRANNTCUSTADVISE1;ReplyQueue=PWSDP.B2B.ET.EASYTRANSACTMQB2BGATEWAY.REQUEST</RoutingUrl>
                <SchemaFilePath>local:/ondisk/services/EasyTransactMQB2BGateway/01/Schema/integration/v1/member/memberSyncService.xsd</SchemaFilePath>
               <ConsumerRoutingUrl>dpmq://MQQueueManagerGroup_EasyTransact_UAT/?RequestQueue=SC.TO.ANZ.UAT.SYNC;ReplyQueue=ANZ.TO.SC.UAT.SYNC</ConsumerRoutingUrl>
        </service>

	<clientRqLogEnable>Y</clientRqLogEnable>
	<clientRqLogDetailEnable>Y</clientRqLogDetailEnable>
	<clientResLogEnable>Y</clientResLogEnable>
	<clientResLogDetailEnable>Y</clientResLogDetailEnable>
	<providerRqLogEnable>Y</providerRqLogEnable>
	<providerRqLogDetailEnable>Y</providerRqLogDetailEnable>
	<providerResLogEnable>Y</providerResLogEnable>
	<providerResLogDetailEnable>Y</providerResLogDetailEnable>
	<errorLogEnable>Y</errorLogEnable>
	<errorLogDetailEnable>Y</errorLogDetailEnable>
	<logRuleName>ANZDP_Log_rule_0</logRuleName>
</gatewaypattern>