<?xml version="1.0" encoding="UTF-8" standalone="no"?>
<businessEvent conditionalRouting="false" enabled="true" name="" type="RequestReply" version="01">
	<LogRule>Common_Log_Rule02</LogRule>
	<sourceConfig>
		<request>
			<actions/>
			<scTransform/>
		</request>
		<response>
			<actions>
				<action name="HTTP-RSHEADER-HANDLER">
					<header name="Content-Type" value="text/xml"/>
				</action>
			</actions>
			<csTransform/>
		</response>
		<errorConfig>
			<errorHandler stylesheet="local:/ondisk/services/SSI/configuration/SOLA/ErrorHandler.xsl">
				<params>
					<errElementName/>
				</params>
			</errorHandler>
		</errorConfig>
	</sourceConfig>
	<targetConfig name="SOLACSP">
		<request>
			<actions/>
			<ctTransform>SOLA/CSPCreateOrderStateById_1.0/CreateOrderStateByIdRq.xsl</ctTransform>
			<endpointConfig>
				<uri type="dyn"/>
				<uri-pattern>
			           <static>/api</static>		
                                   <dynamic>/CSPCreateOrderStateById/PayloadRq/Uri</dynamic>
				</uri-pattern>
				<targetSystem>SOLACSP</targetSystem>
				<timeout>120</timeout>
			</endpointConfig>
		</request>
		<response>
		<!--	<actions>
				<action type="custom">local://ondisk/services/SSI/transform/SOLA/CSPCreateOrderStateById_1.0/CreateOrderStateByIdRs.xsl</action> 
			</actions> -->
			<tcTransform>SOLA/CSPCreateOrderStateById_1.0/CreateOrderStateByIdRs.xsl</tcTransform>
		</response>
	</targetConfig>
	<logConfig>
		<operationName>SolaCspCreateOrderStateById</operationName>
	</logConfig>
</businessEvent>
