<?xml version="1.0" encoding="UTF-8"?>
<businessEvent name="GetKYC" version="01" type="RequestReply" enabled="true" conditionalRouting="false">
	<LogRule>Common_Log_Rule02</LogRule>
	<sourceConfig>
		<request>
			<actions>
				<!--<action name="ADD-SOAP"/>-->
				<action name="AAA" enabled="N">AU RetailSH BS GetKYC</action>
			</actions>
			<scTransform/>
		</request>
		<response>
			<actions>
				<action name="STRIP-SOAP"/>
				<!--	<action name="HTTP-RSHEADER-HANDLER">
						<header name="Content-Type" value="text/xml" valueType="set"/>
					</action>-->
			</actions>
			<csTransform/>
		</response>
		<errorConfig>
			<errorHandler stylesheet="local:/ondisk/services/SSI/configuration/Customer/GetKYC_V01/GET/ErrorHandler.xsl">
				<params>
					<errElementName>GetKYCRs</errElementName>
				</params>
			</errorHandler>
		</errorConfig>
	</sourceConfig>
	<targetConfig name="Siebel">
		<request>
			<ctTransform>Customer/GetKYC_V01/GET/GetKYCRq.xsl</ctTransform>
			<endpointConfig>
<!-- Changed as part CSP and OLA applications 03-May-2018 Contact Kumar Suresh incase of changes  -->
			<Siebeluri>/eai_dp_enu/start.swe?SWEExtSource=SecureWebService&amp;SWEExtCmd=Execute&amp;</Siebeluri>  
				   <!--    <Siebeluri>/eai_enu/start.swe?SWEExtSource=SecureWebService&amp;SWEExtCmd=Execute&amp;</Siebeluri>    -->
			<uri type="uri-in"/>
				<uri>/GetKYC</uri> 
				<targetSystem>Siebel</targetSystem>
				<!--  <targetSystem>GetKYC</targetSystem>  -->
				<timeout>120</timeout>
			</endpointConfig>
		</request>
		<response>
			<tcTransform>Customer/GetKYC_V01/GET/GetKYCRs.xsl</tcTransform>
		</response>
	</targetConfig>
	<logConfig>
		<operationName>GetKYC</operationName>
	</logConfig>
</businessEvent>
