<businessEvent name="loandocssubmission" version="v1" type="RequestReply" enabled="true" condi-tionalRouting="no">
	<!--
	Actions:
		The actions would apply the properties as defined in it.
	AVAILABLE ACTIONS:
		
		STRIP-SOAP : Strips the SOAP Envelope
		SCHEMA-VALIDATE : Validates message against the specified schema
		ADD-SOAP : Adds the SOAP Envelope
		HTTP-RQHEADER-HANDLER : HTTP Request Header Handler, sets the header values as specified in the parameter <header>
		HTTP-RSHEADER-HANDLER : HTTP Response Header Handler, sets the header values as specified in the parameter <header>
	 	MQ-RQHEADER-HANDLER: MQ Request Header Handler
	 	
	 The system allows to define custom actions which to specify the complete style sheet path to be executed
		Ex: <action name="SetContext" type="custom">local://ondisk/services/SSXmltoXml/01/custom/TrdngAcctAdd_SetContext.xsl</action>
		
	 -->
	<!--
	 	consumerConfig section defines 
	 		- actions to be applied on the request message received from consumer
	 		- actions to be applied on the response message sent to consumer
	 		- transform to be applied on the request message received from consumer
	 		- transform to be applied on the response message sent to consumer
	 		- Optional extender, which might require to be executed before the message being sent back to consumer.
	 		   
	 -->
	<sourceConfig>
		<ResRule>SSHTTPRqRplyInwardAttach_Res_Rule_NONXML</ResRule>
		<ContentType>XML</ContentType>
		<request>
			<actions>
				<Authorize enabled="N">
					<attribute-value name="member">CN=audpclient02.dev.anz, O=ANZ, L=Melbourne, ST=Victoria, C=AU</attribute-value>
				</Authorize>
			</actions>
			<scTransform/>
			<sourceNamespace/>
			<respElementName/>
		</request>
		<response>
			<actions>
                       <!-- <action name=""></action> -->
			</actions>
                        <csTransform>local:///ondisk/services/SSI/transform/broker/loandocssubmission_v1/C_broker_loandocsubmission_Res.xsl</csTransform>
		</response>
		<!--
			errorConfig section specifies the stylesheet to executed in case of an error. 
			Its provides option specifies the params to error stylesheet.
	 	 -->
		<errorConfig>
			<errorHandler stylesheet="local:/ondisk/services/SSI/configuration/defaultErrorHandler01.xsl">
				<params>
					<errElementName/>
					<errNamespace/>
				</params>
			</errorHandler>
		</errorConfig>
	</sourceConfig>
	<!--
		targetConfig section defines
			- actions to be applied on the request message sent to provider
	 		- actions to be applied on the response message received from provider
	 		- transform to be applied on the request message sent to provider
	 		- transform to be applied on the response message received from provider
	 		- provider endpoint configuration 
	 		- Optional extender, which might require to be executed before the message being sent to provider.
	-->
	<targetConfig name="SIE">
		<ReqRule>SSHTTPRqRplyInwardAttach_Req_Rule_XML</ReqRule>
		<ContentType>XML</ContentType>
		<request>
			<actions>
			<!--	<action name="STRIP-SOAP"/> 
			 	<action name="HTTP-RQHEADER-HANDLER">
				      <header name="Content-Type" valueType="application/json"/> 
   					<header name="Accept" valueType="copy"/>
					<header name="User-Agent" valueType="copy"/> 
				</action> -->
			</actions>

			<ctTransform>local:///ondisk/services/SSI/transform/broker/loandocssubmission_v1/C_broker_loandocsubmission_Req.xsl</ctTransform>
			<endpointConfig>
                                <uri type="dynXSL">local:///ondisk/services/SSI/configuration/broker/loandocssubmission_v1/UriHandler.xsl</uri>
			<!--	<uri>/SFE/WebServices/auth/Shared/RestfulAuthenticationService.svc/logon</uri> -->
				<targetSystem>SIE</targetSystem>
				<timeout>120</timeout>
			</endpointConfig>
		</request>
		<response>
			<actions/>
			<tcTransform/>
		</response>
	</targetConfig>
	<logConfig>
		<operationName>broker_loandocssubmission_v1</operationName>
	</logConfig>
</businessEvent>