<?xml version="1.0" encoding="UTF-8"?>
<errorMappings>
	<errorMapping>
		<srcCode>0x02130008,0x02130009,0x0213000a,0x0213000b,0x0213000c,0x0213000d,0x0213000e,0x0213000f,0x02130010,0x02130011,0x02130012,0x02130013,0x00c30025</srcCode>
		<targetCode>9009</targetCode>
		<targetDesc>Invalid JSON</targetDesc>
		<httpCode>400</httpCode>
		<httpMessage>Bad Request</httpMessage>
	</errorMapping>
	<errorMapping>
		<srcCode>0x02d3000a,0x02e30001,0x02e30002,0x02e30003</srcCode>
		<targetCode>ERR002</targetCode>
		<targetDesc>Network Error</targetDesc>
		<httpCode>500</httpCode>
		<httpMessage>Internal Server Error</httpMessage>
	</errorMapping>
	<errorMapping>
		<srcCode>0t000001</srcCode>
		<targetCode>ERR003</targetCode>
		<targetDesc>Invalid Category in URI</targetDesc>
		<httpCode>404</httpCode>
		<httpMessage>Not found</httpMessage>
	</errorMapping>
	<errorMapping>
		<srcCode>0b000002</srcCode>
		<targetCode/>
		<targetDesc/>
		<httpCode>404</httpCode>
		<httpMessage>Not Found</httpMessage>
	</errorMapping>
	<errorMapping>
		<srcCode>0b000001</srcCode>
		<targetCode>9020</targetCode>
		<targetDesc>Target EndPoint unavailable</targetDesc>
		<httpCode>500</httpCode>
		<httpMessage>Internal Server Error</httpMessage>
	</errorMapping>
	<errorMapping>
		<srcCode>0x01130006,0x00c3000c,0x0113001c</srcCode>
		<targetCode>9014</targetCode>
		<targetDesc>Backend Service is unavailable</targetDesc>
		<httpCode>404</httpCode>
		<httpMessage>Not found</httpMessage>
	</errorMapping>
	<errorMapping>
		<srcCode>0x00030001</srcCode>
		<targetCode>9998</targetCode>
		<targetDesc>Malformed Content</targetDesc>
		<httpCode>400</httpCode>
		<httpMessage>Bad Request</httpMessage>
	</errorMapping>
	<errorMapping>
		<srcCode>0h000001</srcCode>
		<targetCode>9019</targetCode>
		<targetDesc>Accept Header is required</targetDesc>
		<httpCode>400</httpCode>
		<httpMessage>Bad Request</httpMessage>
	</errorMapping>
	<errorMapping>
		<srcCode>0h000009</srcCode>
		<targetCode>9021</targetCode>
		<targetDesc>Accept header is invalid</targetDesc>
		<httpCode>400</httpCode>
		<httpMessage>Bad Request</httpMessage>
	</errorMapping>
	<errorMapping>
		<srcCode>0h000002</srcCode>
		<targetCode>9012</targetCode>
		<targetDesc>RequestID header is required</targetDesc>
		<httpCode>400</httpCode>
		<httpMessage>Bad Request</httpMessage>
	</errorMapping>
	<errorMapping>
		<srcCode>0h000022</srcCode>
		<targetCode>9022</targetCode>
		<targetDesc>Request does not conform to specification</targetDesc>
		<httpCode>400</httpCode>
		<httpMessage>Bad Request</httpMessage>
	</errorMapping>
	<errorMapping>
		<srcCode>0h000003</srcCode>
		<targetCode>9008</targetCode>
		<targetDesc>UserID header is required</targetDesc>
		<httpCode>400</httpCode>
		<httpMessage>Bad Request</httpMessage>
	</errorMapping>
	<errorMapping>
		<srcCode>0h000004</srcCode>
		<targetCode>9013</targetCode>
		<targetDesc>Client-IP header is required</targetDesc>
		<httpCode>400</httpCode>
		<httpMessage>Bad Request</httpMessage>
	</errorMapping>
	<errorMapping>
		<srcCode>0h000005</srcCode>
		<targetCode>9015</targetCode>
		<targetDesc>DeviceID is required</targetDesc>
		<httpCode>400</httpCode>
		<httpMessage>Bad Request</httpMessage>
	</errorMapping>
	<errorMapping>
		<srcCode>0h000006</srcCode>
		<targetCode>9010</targetCode>
		<targetDesc>UserAgent header is required</targetDesc>
		<httpCode>400</httpCode>
		<httpMessage>Bad Request</httpMessage>
	</errorMapping>
	<errorMapping>
		<srcCode>0h000007</srcCode>
		<targetCode>9021</targetCode>
		<targetDesc>Content-Type header is required</targetDesc>
		<httpCode>400</httpCode>
		<httpMessage>Bad Request</httpMessage>
	</errorMapping>
        <errorMapping>
		<srcCode>0h000008</srcCode>
		<targetCode>9017</targetCode>
		<targetDesc>Content-Type header is invalid</targetDesc>
		<httpCode>400</httpCode>
		<httpMessage>Bad Request</httpMessage>
	</errorMapping>
	<errorMapping><!--23/05/13-->
		<srcCode>0h000010</srcCode>
		<targetCode>9016</targetCode>
		<targetDesc>UserAgent header is Invalid</targetDesc>
		<httpCode>400</httpCode>
		<httpMessage>Bad Request</httpMessage>
	</errorMapping>
		<errorMapping><!-- CR 41 30/05/13-->
		<srcCode>0h000011</srcCode>
		<targetCode>11002</targetCode>
		<targetDesc>PayeeId is required</targetDesc>
		<httpCode>400</httpCode>
		<httpMessage>Bad Request</httpMessage>
	</errorMapping>
        <errorMapping>
		<srcCode>0x01130009,0b000003,0x01130024</srcCode>
		<targetCode>9011</targetCode>
		<targetDesc>Action Not Supported</targetDesc>
		<httpCode>404</httpCode>
		<httpMessage>Not Found</httpMessage>
	</errorMapping>
	<errorMapping>
		<srcCode>0b000004</srcCode>
		<targetCode>11041</targetCode>
		<targetDesc>Activation Code not provided</targetDesc>
		<httpCode>400</httpCode>
		<httpMessage>Bad Request</httpMessage>
	</errorMapping>
	<errorMapping>
		<srcCode>0x00230001</srcCode>
		<targetCode>9022</targetCode>
		<targetDesc>Request does not confirm to specification</targetDesc>
		<httpCode>400</httpCode>
		<httpMessage>Bad Request</httpMessage>
	</errorMapping>
	<errorMapping>
		<srcCode>0v000001</srcCode>
		<targetCode>9030</targetCode>
		<targetDesc>Invalid date format</targetDesc>
		<httpCode>400</httpCode>
		<httpMessage>Bad Request</httpMessage>
	</errorMapping>
	<errorMapping>
		<srcCode>default</srcCode>
		<targetCode>ERR000</targetCode>
		<targetDesc>Technical Error</targetDesc>
		<httpCode>500</httpCode>
		<httpMessage>Internal Server Error</httpMessage>
	</errorMapping>
</errorMappings>