<gatewaypattern name="CLSFileRetrievalGateway" version="01">
   <RoutingUrl>https://iosdownload.cls-group.com/servlet/Participant/FX+SWP.txt</RoutingUrl>
   <ssl-proxyprofile>External_SSLProxyProfile_CLS</ssl-proxyprofile>
   <backendTimeout>60</backendTimeout>
   <clientRqLogEnable>Y</clientRqLogEnable>
   <clientRqLogDetailEnable>Y</clientRqLogDetailEnable>
   <clientResLogEnable>Y</clientResLogEnable>
   <clientResLogDetailEnable>Y</clientResLogDetailEnable>
   <providerRqLogEnable>Y</providerRqLogEnable>
   <providerRqLogDetailEnable>Y</providerRqLogDetailEnable>
   <providerResLogEnable>Y</providerResLogEnable>
   <providerResLogDetailEnable>Y</providerResLogDetailEnable>
   <errorLogEnable>Y</errorLogEnable>
   <errorLogDetailEnable>Y</errorLogDetailEnable>
   <logRuleName>ANZDP_Log_rule_0</logRuleName>
</gatewaypattern>