<?xml version="1.0" encoding="UTF-8"?>
<routingInfo>
	<routing-urls>
		<url env="FRM01" domain="AURETAIL">https://services.americanexpress.com:443</url>
		<url env="FRM02" domain="AURETAIL">https://services.americanexpress.com:443</url>
		<url env="HWT01" domain="AURETAIL">https://services.americanexpress.com:443</url>
		<url env="HWT02" domain="AURETAIL">https://services.americanexpress.com:443</url>
	</routing-urls>
	<sslProxyProfile>Fusion_External_SSLProxyProfile_AMEX</sslProxyProfile>
</routingInfo>
