<?xml version="1.0" encoding="UTF-8" ?> 
<routingInfo>
	<routing-urls>
    	<url env="FRM01" domain="AURETAIL">https://ardigitalchnlsh.apps.anz</url>
    	<url env="FRM02" domain="AURETAIL">https://ardigitalchnlsh.apps.anz</url>
    	<url env="HWT01" domain="AURETAIL">https://ardigitalchnlsh.apps.anz</url>
    	<url env="HWT02" domain="AURETAIL">https://ardigitalchnlsh.apps.anz</url> 
    </routing-urls>
      <sslProxyProfile>Fusion_Internal_SSLProxyProfile_Forward</sslProxyProfile>
</routingInfo>