<?xml version="1.0" encoding="UTF-8"?>
<routingInfo>
	<routing-urls>
		<url env="FRM01" domain="AURETAIL">https://tsp.ehub.au.fisglobal.com:8805</url>
		<url env="FRM02" domain="AURETAIL">https://tsp.ehub.au.fisglobal.com:8805</url>
		<url env="HWT01" domain="AURETAIL">https://tsp.ehub.au.fisglobal.com:8805</url>
		<url env="HWT02" domain="AURETAIL">https://tsp.ehub.au.fisglobal.com:8805</url>
	</routing-urls>
	<sslProxyProfile>Fusion_External_SSLProxyProfile_EFTPOS</sslProxyProfile>
</routingInfo>