<?xml version="1.0" encoding="UTF-8"?>
<routingInfo>
	<routing-urls>
		<url env="dev" domain="AURETAILSH">https://AU061.MEL227TRK.VIC.AU.ANZ:443/rest/ESAAPI/</url>
		<url env="sit" domain="AURETAILSH">https://AU061.MEL227TRK.VIC.AU.ANZ:443/rest/ESAAPI/</url>
		<url env="qa" domain="AURETAILSH">https://AU061.MEL227TRK.VIC.AU.ANZ:443/rest/ESAAPI/</url>
		<url env="prod" domain="AURETAILSH">https://AU062.MEL182FRM.VIC.AU.ANZ:443/rest/ESAAPI/</url>		
	</routing-urls>
	<sslProxyProfile>Internal_SSLProxyProfile_Forward</sslProxyProfile>
</routingInfo>