<?xml version="1.0" encoding="UTF-8"?>
<routingInfo>
	<routing-urls>
		 <url env="FRM01" domain="AURETAIL">https://creditservices.experian.com.au</url>
		 <url env="FRM02" domain="AURETAIL">https://creditservices.experian.com.au</url>
		 <url env="HWT01" domain="AURETAIL">https://creditservices.experian.com.au</url>
		 <url env="HWT02" domain="AURETAIL">https://creditservices.experian.com.au</url> 
    </routing-urls>
	<sslProxyProfile>External_SSLProxyProfile_Experian</sslProxyProfile>
</routingInfo>