<?xml version="1.0" encoding="UTF-8" ?> 
<routingInfo>
	<routing-urls>
		<url env="FRM01" domain="AURETAIL">https://superstream-evolve.gbst.net:8280</url>
		<url env="FRM02" domain="AURETAIL">https://superstream-evolve.gbst.net:8280</url> 
		<url env="HWT01" domain="AURETAIL">https://superstream-evolve.gbst.net:8280</url> 
		<url env="HWT02" domain="AURETAIL">https://superstream-evolve.gbst.net:8280</url>
	</routing-urls>
 	<sslProxyProfile>External_SSLProxyProfile_GBST</sslProxyProfile> 
</routingInfo>