<?xml version="1.0" encoding="UTF-8"?>
<routingInfo>
	<routing-urls>
		<url env="dev" domain="AURETAIL">dpmq://DatapowerGW_MQQueueManagerGroup</url>
		<url env="sit" domain="AURETAIL">dpmq://DatapowerGW_MQQueueManagerGroup</url>
		<url env="qa" domain="AURETAIL">dpmq://DatapowerGW_MQQueueManagerGroup</url>
		<url env="FRM01" domain="AURETAIL">dpmq://DatapowerGW_MQQueueManagerGroup</url>
		<url env="FRM02" domain="AURETAIL">dpmq://DatapowerGW_MQQueueManagerGroup</url>
		<url env="HWT01" domain="AURETAIL">dpmq://DatapowerGW_MQQueueManagerGroup</url>
		<url env="HWT02" domain="AURETAIL">dpmq://DatapowerGW_MQQueueManagerGroup</url>
	</routing-urls>
</routingInfo>