<?xml version="1.0" encoding="UTF-8"?>
<routingInfo>
	<routing-urls>
		<!-- Modifying SIT URL from sit3 to sit1 as requested by Client on 8 Oct 2018-->
		<!--<url env="sit" domain="AURETAILSH">https://wscctle.int.service.dev</url>-->
		<!--<url env="sit" domain="AURETAILSH">https://wscctli.int.service.dev</url>-->
		<!--<url env="sit" domain="AURETAILSH">https://rlswsccsit1.int.service.dev</url>-->
		<!--<url env="sit" domain="AURETAILSH">https://rlswsccsit3.int.service.dev</url>-->
		<!--<url env="sit" domain="AURETAILSH">https://rlswsccsit5.int.service.dev</url>-->
		<!--<url env="sit" domain="AURETAILSH">https://rlswsccsit7.int.service.dev</url>-->
		<!--<url env="sit" domain="AURETAILSH">https://rlswsccsit8.int.service.dev</url>-->
		<!--<url env="sit" domain="AURETAILSH">https://rlswsccsit9.int.service.dev</url>-->
		<url env="sit" domain="AURETAILSH">https://rlswsccsit1.int.service.dev</url>
		<url env="qa" domain="AURETAILSH">https://wscctll.int.service.dev</url>
		<url env="prod" domain="AURETAILSH">https://rlswscc.service.anz</url>
	</routing-urls>
	<sslProxyProfile>Internal_SSLProxyProfile_Forward</sslProxyProfile>
</routingInfo>