<?xml version="1.0" encoding="UTF-8"?>
<routingInfo>
	<routing-urls>
	 <url env="FRM01" domain="AURETAIL">https://VisaTokenServices.visa.com</url>
     <url env="FRM02" domain="AURETAIL">https://VisaTokenServices.visa.com</url>
     <url env="HWT01" domain="AURETAIL">https://VisaTokenServices.visa.com</url>
     <url env="HWT02" domain="AURETAIL">https://VisaTokenServices.visa.com</url> 
</routing-urls>
	         <sslProxyProfile>Fusion_External_SSLProxyProfile_VISA</sslProxyProfile>

</routingInfo>