<?xml version="1.0" ?><configregistry><configurations><configuration><type>MQSourceProtocolHandler</type><name>MQ_CreditBureaInquiryV02_DDP</name><change>Added</change><changeOn>01/09/2017 21:31</changeOn><changeBy>karimbisadmin</changeBy><activity>deploy</activity><release>AURETAILSH_DDP</release></configuration><configuration><type>SSLProxyProfile</type><name>External_SSLProxyProfile_DDP_Equifax</name><change>Modified</change><changeOn>01/09/2017 21:31</changeOn><changeBy>karimbisadmin</changeBy><activity>deploy</activity><release>AURETAILSH_DDP</release></configuration></configurations></configregistry>