<businessEvent name="getcustomerdata" version="v2" type="RequestReply" enabled="true" conditionalRouting="no">
	<!-- Actions: The actions would apply the properties as defined in it. AVAILABLE 
		ACTIONS: STRIP-SOAP : Strips the SOAP Envelope SCHEMA-VALIDATE : Validates 
		message against the specified schema ADD-SOAP : Adds the SOAP Envelope HTTP-RQHEADER-HANDLER 
		: HTTP Request Header Handler, sets the header values as specified in the 
		parameter <header> HTTP-RSHEADER-HANDLER : HTTP Response Header Handler, 
		sets the header values as specified in the parameter <header> MQ-RQHEADER-HANDLER: 
		MQ Request Header Handler The system allows to define custom actions which 
		to specify the complete style sheet path to be executed Ex: <action name="SetContext" 
		type="custom">local://ondisk/services/SSXmltoXml/01/custom/TrdngAcctAdd_SetContext.xsl</action> -->
	<!-- consumerConfig section defines - actions to be applied on the request 
		message received from consumer - actions to be applied on the response message 
		sent to consumer - transform to be applied on the request message received 
		from consumer - transform to be applied on the response message sent to consumer 
		- Optional extender, which might require to be executed before the message 
		being sent back to consumer. -->
	<sourceConfig>
		<ResRule>SSHTTPRqRplyOutward02_Res_Rule_JSON</ResRule>
		<ContentType>JSON</ContentType>
		<request>
			<actions>
				<Authorize enabled="N">
				</Authorize>
			</actions>
			<scTransform/>
			<sourceNamespace/>
			<respElementName/>
		</request>
		<response>
			<actions/>
			<csTransform/>
		</response>
		<!-- errorConfig section specifies the stylesheet to executed in case of 
			an error. Its provides option specifies the params to error stylesheet. -->
		<errorConfig>
			<errorHandler stylesheet="local:/ondisk/services/SSI/configuration/epal/getcustomerdata_v1/PassthroughErrorHandler01.xsl">
				<params>
					<errElementName/>
					<errNamespace/>
					<errContentType>application/json</errContentType>
				</params>
			</errorHandler>
		</errorConfig>
	</sourceConfig>
	<!-- targetConfig section defines - actions to be applied on the request 
		message sent to provider - actions to be applied on the response message 
		received from provider - transform to be applied on the request message sent 
		to provider - transform to be applied on the response message received from 
		provider - provider endpoint configuration - Optional extender, which might 
		require to be executed before the message being sent to provider. -->
	<targetConfig name="EPAL">
		<ReqRule>SSHTTPRqRplyOutward02_Req_Rule_JSON</ReqRule>
		<ContentType>JSON</ContentType>
		<Content-Type>application/json</Content-Type>
		<request>
			<actions>
			</actions>
			<ctTransform/>
			<endpointConfig>
				<uri>8011/ap-cam/internal/send-otp</uri>
				<targetSystem>EPAL</targetSystem>
				<timeout>10</timeout>
			</endpointConfig>
		</request>
		<response>
			<actions/>
			<tcTransform/>
		</response>
	</targetConfig>
	<logConfig>
		<operationName>epal_getcustomerdata_v1</operationName>
		<msgID>//*[local-name()='string'][@name='messageID']</msgID>
	</logConfig>
</businessEvent>