<?xml version="1.0" encoding="UTF-8"?>
<businessEvent name="GetLoanAndSecurityDetailsRLS" version="01" type="RequestReply" enabled="true" conditionalRouting="false">
	<!--
	Actions:
		The actions would apply the properties as defined in it.
	AVAILABLE ACTIONS:
		AAA : Performs authorisation on the specified AD Group
		STRIP-SOAP : Strips the SOAP Envelope
		SCHEMA-VALIDATE : Validates message against the specified schema
		ADD-SOAP : Adds the SOAP Envelope
		HTTP-RQHEADER-HANDLER : HTTP Request Header Handler, sets the header values as specified in the parameter <header>
		HTTP-RSHEADER-HANDLER : HTTP Response Header Handler, sets the header values as specified in the parameter <header>
	 	MQ-RQHEADER-HANDLER: MQ Request Header Handler
	 	
	 The system allows to define custom actions which to specify the complete style sheet path to be executed
		Ex: <action name="SetContext" type="custom">local://ondisk/services/SSXmltoXml/01/custom/TrdngAcctAdd_SetContext.xsl</action>
		
	 -->
	<!--
	 	consumerConfig section defines 
	 		- actions to be applied on the request message received from consumer
	 		- actions to be applied on the response message sent to consumer
	 		- transform to be applied on the request message received from consumer
	 		- transform to be applied on the response message sent to consumer
	 		- Optional extender, which might require to be executed before the message being sent back to consumer.
	 		   
	 -->
	<logConfig>
		<operationName>CIM_GetLoanSecDtls01</operationName>
	</logConfig>
	<MultiEnvirionmentRouting>N</MultiEnvirionmentRouting>
	<sourceConfig>
		<request>
			<actions>
				<action name="AAA" enabled="N">AU Chnlsh GetLoanSecurityDtlsRLSV1 Service Accounts (Ad)</action>
			</actions>
			<scTransform/>
		</request>
		<response>
			<actions>
				<action name="MQ-RSHEADER-HANDLER">
				</action>
				<!--<action name="ADD-SOAP"/>	-->
			</actions>
			<csTransform/>
			<endpointConfig>
				 <ReplyToQ type="MQMD"/>
                                 <ReplyToQMgr type="MQMD">MQQueueManager_Primary_01</ReplyToQMgr>
				<!--<ReplyToQ type="MQMD">PMIT.BR.ARIN011.TIB.GETLOANAPPANDSECDTLSRLS1</ReplyToQ>
				<ReplyToQMgr>MQQueueManager_Primary_01</ReplyToQMgr>-->
			</endpointConfig>
		</response>
		<!--
		errorConfig section specifies the stylesheet to executed in case of an error. 
		Its provides option specifies the params to error stylesheet.
 	 -->
		<errorConfig>
			<errorHandler stylesheet="local://ondisk/services/SSI/configuration/CIM/GetLoanSecDtls_V1/ErrorHandler.xsl">
				<params>
					<errElementName>Fault</errElementName>
					<errNamespace/>
				</params>
			</errorHandler>
		</errorConfig>
	</sourceConfig>
	<!--
		provideConfig section defines
			- actions to be applied on the request message sent to provider
	 		- actions to be applied on the response message received from provider
	 		- transform to be applied on the request message sent to provider
	 		- transform to be applied on the response message received from provider
	 		- provider endpoint configuration 
	 		- Optional extender, which might require to be executed before the message being sent to provider.
	-->
	<targetConfig name="RLS2">
		<request>
			<ReqRule>Policy_SSMQRqRply_Xml01_rule_xmlToxml</ReqRule>
			<actions>
				<action name="ADD-SOAP"/>
				<!--
				<action name="HTTP-RQHEADER-HANDLER">
					<method>POST</method>
					<header name="Content-Type" value="application/soap+xml" valueType="set"/>
					<header name="SOAPAction" value="TBD" valueType="set"/>
				</action>-->
			</actions>
			<ctTransform/>
			<endpointConfig>
				<uri>/lendfast/services/ApplicationDetailServiceProvider/getLoanAppSecDetails</uri>
				<targetSystem>RLS2</targetSystem>
				<timeout>60</timeout>
			</endpointConfig>
		</request>
		<response>
			<actions>
				<action name="STRIP-SOAP"/>
			</actions>
			<tcTransform/>
			<ResValue>Policy_SSMQRqRply_Xml01_rule_res_xmltoxml</ResValue>
		</response>
	</targetConfig>
</businessEvent>