<?xml version="1.0" encoding="UTF-8"?>
<businessEvent name="ChannelNotification" version="01" type="RequestReply" enabled="true" conditionalRouting="false">
	<LogRule>Common_Log_Rule02</LogRule>
	<sourceConfig>
		<request>
			<actions>
				<action name="AAA" enabled="N">AU ChnlSH ChannelNotification Service Accounts (Ad)</action>
			</actions>
			<scTransform>NB/ChannelNotification_v1/POST/ChannelNotificationService_SCT_Req.xsl</scTransform>
		</request>
		<response>
			<actions/>
			<csTransform/>
		</response>
		<errorConfig>
			<errorHandler stylesheet="local://ondisk/services/SSI/configuration/NB/ChannelNotification_v1/POST/ErrorHandler.xsl">
				<params>
					<errContentType>application/xml</errContentType>
				</params>
			</errorHandler>
		</errorConfig>
	</sourceConfig>
	<targetConfig name="NotificationBroker">
		<request>
			<ctTransform>NB/ChannelNotification_v1/POST/ChannelNotificationService_CTT_Req.xsl</ctTransform>
			<actions>
				<action name="MQ-RQHEADER-HANDLER">
					<msgExpiry>30</msgExpiry>
					<msgPersistence>0</msgPersistence>
				</action>
			</actions>
			<endpointConfig>
				<uri>/?RequestQueue=PWSDP.B2B.BKRPUSHEVENT.REQ;ReplyQueue=PWSDP.B2B.BKRPUSHEVENT.RES</uri>
				<!--<targetSystem>NotificationBrokerChannel</targetSystem>-->
				<targetSystem>NB</targetSystem>
				<timeout>7</timeout>
			</endpointConfig>
		</request>
		<response>
			<actions/>
			<tcTransform>NB/ChannelNotification_v1/POST/ChannelNotificationService_TC_Res.xsl</tcTransform>
		</response>
	</targetConfig>
	<logConfig>
		<operationName>ChannelNotification_01</operationName>
	</logConfig>
</businessEvent>
