<?xml version="1.0" encoding="UTF-8"?>
<businessEvent name="CSPRetrieveOrderStates" version="01" type="RequestReply" enabled="true" conditionalRouting="false">
	<LogRule>Common_Log_Rule02</LogRule>
	<sourceConfig>
		<request>
			<actions>
			</actions>
			<scTransform/>
		</request>
		<response>
			<actions>
				</actions>
			<csTransform/>
		</response>
		<errorConfig>
			<errorHandler stylesheet="local://ondisk/services/SSI/configuration/PLCC/CSPRetrieveOrderStates_1.0/POST/ErrorHandler.xsl">
				<params>
					<errContentType>application/xml</errContentType>
				</params>
			</errorHandler>
		</errorConfig>
	</sourceConfig>
	<targetConfig name="PLCC">
		<request>
			<actions>
				<action type="custom">local:/ondisk/services/SSI/transform/PLCC/CSPRetrieveOrderStates_1.0/POST/RetrieveOrderStates_Req.xsl</action>
			</actions>
			<ctTransform/>
			<endpointConfig>
				<plccCSPUri>/api/po</plccCSPUri>
				<uri type="uri-in"/>
				<targetSystem>CSPPLCC</targetSystem>
				<timeout>80</timeout>
			</endpointConfig>
		</request>
		<response>
			<!--<actions>
				<action type="custom">local:/ondisk/services/SSI/transform/PLCC/CSPRetrieveOrderStates_1.0/POST/RetrieveOrderStates_Rs.xsl</action>
			</actions>-->
			<tcTransform>PLCC/CSPRetrieveOrderStates_1.0/POST/RetrieveOrderStates_Rs.xsl</tcTransform>
		</response>
	</targetConfig>
	<logConfig>
		<operationName>CSPRetrieveOrderStates</operationName>
	</logConfig>
</businessEvent>
