<?xml version="1.0" encoding="UTF-8"?>
<errorMappings>
	<!--2.xx Errors-->
	<errorMapping value="201" phrase="Created"/>
	<errorMapping value="202" phrase="Accepted"/>
	<errorMapping value="203" phrase="Non-Authoritative Information"/>
	<errorMapping value="204" phrase="No Content"/>
	<errorMapping value="205" phrase="Reset Content"/>
	<errorMapping value="206" phrase="Partial Content"/>
	<!--3.xx Errors-->
	<errorMapping value="300" phrase="Multiple Choices"/>
	<errorMapping value="301" phrase="Moved Permanently"/>
	<errorMapping value="302" phrase="Found"/>
	<errorMapping value="303" phrase="See Other"/>
	<errorMapping value="304" phrase="Not Modified"/>
	<errorMapping value="305" phrase="Use Proxy"/>
	<errorMapping value="306" phrase="Unused"/>
	<errorMapping value="307" phrase="Temporary Redirect"/>
	<!--4.xx Errors-->
	<errorMapping value="400" phrase="Bad Request"/>
	<errorMapping value="401" phrase="Unauthorized"/>
	<errorMapping value="402" phrase="Payment Required"/>
	<errorMapping value="403" phrase="Forbidden"/>
	<errorMapping value="404" phrase="Not Found"/>
	<errorMapping value="405" phrase="Method Not Allowed"/>
	<errorMapping value="406" phrase="Not Acceptable"/>
	<errorMapping value="407" phrase="Proxy Authentication Required"/>
	<errorMapping value="408" phrase="Request Timeout"/>
	<errorMapping value="409" phrase="Conflict"/>
	<errorMapping value="410" phrase="Gone"/>
	<errorMapping value="411" phrase="Length Required"/>
	<errorMapping value="412" phrase="Precondition Failed"/>
	<errorMapping value="413" phrase="Request Entity Too Large"/>
	<errorMapping value="414" phrase="Request-URI Too Long"/>
	<errorMapping value="415" phrase="Unsupported Media Type"/>
	<errorMapping value="416" phrase="Requested Range Not Satisfiable"/>
	<errorMapping value="417" phrase="Expectation Failed"/>
	<!--5.xx Errors-->
	<errorMapping value="500" phrase="Internal Server Error"/>
	<errorMapping value="501" phrase="Not Implemented"/>
	<errorMapping value="502" phrase="Bad Gateway"/>
	<errorMapping value="503" phrase="Service Unavailable"/>
	<errorMapping value="504" phrase="Gateway Timeout"/>
	<errorMapping value="505" phrase="HTTP Version Not Supported"/>
</errorMappings>
