<businessEvent name="loanappsubmission" version="v1" type="RequestReply" enabled="true" conditionalRouting="no">
	<LogRule>Common_Log_Rule</LogRule>
	<sourceConfig>
		<ResRule>SSHTTPRqRplyInwardAttach_Res_Rule_XML</ResRule>
		<ContentType>XML</ContentType>
		<request>
			<actions>
				<Authorize enabled="N">
					<attribute-value name="member">CN=Rubik-ANZToolkit-DevUAT-Endpoint, OU=UAT, O=Rubik Financial Limited, C=AU</attribute-value>
					<attribute-value name="member">CN=*.uat.stargatetech.com.au, OU=Domain Control Validated - RapidSSL(R), OU=See www.rapidssl.com/resources/cps (c)14, OU=GT98521142</attribute-value>
				</Authorize>
			</actions>
			<scTransform/>
		</request>
		<response>
			<actions>
<action name="ADD-SOAP12"/>
<action name="HTTP-RSHEADER-HANDLER">
					<header Type="remove" name="MQMD"/>
				</action>
</actions>
			<csTransform/>
		</response>
		<errorConfig>
			<errorHandler stylesheet="local:/ondisk/services/SSI/configuration/broker/loanappsubmission_v1/ErrorHandler01.xsl">
				<params>
					<errElementName/>
					<errNamespace/>
				</params>
			</errorHandler>
		</errorConfig>
	</sourceConfig>
	<targetConfig name="CIM">
		<ReqRule>SSHTTPRqRplyInwardAttach_Req_Rule_XML</ReqRule>
		<ContentType>XML</ContentType>
		<request>
		<!--	<actions>
				<action name="MQ-RQHEADER-HANDLER">
					<msgExpiry>60</msgExpiry>
				</action>
			</actions> -->
<actions>
				<action name="STRIP-SOAP"/>
<action name="MQ-RQHEADER-HANDLER">
					<msgExpiry>60</msgExpiry>
				</action>
			</actions>
			<ctTransform>local:///ondisk/services/SSI/transform/broker/loanappsubmission_v1/C_broker_loanappsubmission_Req.xsl</ctTransform>
			<endpointConfig>
				<uri>/?RequestQueue=PMIT.BS.ARLD.MOS.LoanAppAddMOS01.REQ;ReplyQueue=PMIT.BS.ARLD.MOS.LoanAppAddMOS01.RES</uri>
				<targetSystem>CIM</targetSystem>
				<timeout>60</timeout>
			</endpointConfig>
		</request>
		<response>
			<actions/>
			<tcTransform/>
		</response>
	</targetConfig>
	<logConfig>
		<operationName>broker_loanappsubmission_v1</operationName>
<msgID>/*[local-name()='Envelope']/*[local-name()='Body']/ApplicationBatch/Application/Identifier/@UniqueID</msgID>
	</logConfig>
</businessEvent>