<gatewaypattern name="B2BMqGateway02" version="01">
	<common>
		<transformation>
			<requestxsl>local:///ondisk/services/B2BMqGateway02/01/SMSGlobal/SMSGlobal_Request_Process.xsl</requestxsl>
			<responsexsl>local:///ondisk/services/B2BMqGateway02/01/core/B2BMqGateway_Response_default_NonXML.xsl</responsexsl>
		</transformation>
		<call-processing-rules>
			<requestrule>B2BMqGateway02_Policy_Request_Rule</requestrule>
			<responserule>B2BMqGateway02_Policy_Response_Rule</responserule>
			<errorrule>B2BMqGateway02_Policy_Error_Rule</errorrule>
		</call-processing-rules>
		<logging>
			<providerRqLogEnable>Y</providerRqLogEnable>
			<providerRqLogDetailEnable>N</providerRqLogDetailEnable>
			<providerResLogEnable>Y</providerResLogEnable>
			<providerResLogDetailEnable>N</providerResLogDetailEnable>
			<errorLogEnable>Y</errorLogEnable>
			<errorLogDetailEnable>N</errorLogDetailEnable>
		</logging>
		<routing-url>https://www.smsglobal.com/http-api.php</routing-url>
		<ssl-proxyprofile>Internal_SSLProxyProfile_SMSGlobal</ssl-proxyprofile>
	</common>
	<encryptedfile>local:/ondisk/common/security/Credentials_AURETAIL_B2BMqGateway02_SMSGlobal_ROTOR.xml</encryptedfile>
</gatewaypattern>