  <gatewaypattern name="B2BMqGateway02" version="01">
  <common>
  <transformation>
  <requestxsl>local:///ondisk/services/B2BMqGateway02/01/core/B2BMQGateway_Request_Process.xsl</requestxsl> 
  <responsexsl>local:///ondisk/services/B2BMqGateway02/01/core/B2BMqGateway_Response_default_NonXML.xsl</responsexsl> 
  </transformation>
  <call-processing-rules>
  <requestrule>B2BMqGateway02_Policy_Request_Rule</requestrule> 
  <responserule>B2BMqGateway02_Policy_Response_Rule</responserule> 
  <errorrule>B2BMqGateway02_Policy_Error_Rule</errorrule> 
  </call-processing-rules>
  <logging>
  <backendTimeout>58</backendTimeout>
  <providerRqLogEnable>Y</providerRqLogEnable> 
  <providerRqLogDetailEnable>Y</providerRqLogDetailEnable> 
  <providerResLogEnable>Y</providerResLogEnable> 
  <providerResLogDetailEnable>Y</providerResLogDetailEnable> 
  <errorLogEnable>Y</errorLogEnable> 
  <errorLogDetailEnable>Y</errorLogDetailEnable> 
  </logging>
  <routing-url>https://iosdownloadtest.cls-group.com/servlet/Participant/FX+SWP.txt?login.userid=anzbuser1&amp;login.password=anzbuser1</routing-url> 
  <ssl-proxyprofile>External_SSLProxyProfile_CLS</ssl-proxyprofile> 
  </common>
  </gatewaypattern>