<?xml version="1.0" encoding="UTF-8"?>
<businessEvent name="NotifyCalendarStatus" version="01" type="RequestReply" enabled="true" conditionalRouting="false">
	<LogRule>Common_Log_Rule02</LogRule>
	<sourceConfig>
		<request>
			<actions>
				<action name="AAA" enabled="Y">AU RetailSH NotifyCalendarStatus Service Accounts (Ad)</action>
			</actions>
			<scTransform/>
		</request>
		<response>
			<actions>
				<action type="custom">local://ondisk/services/SSI/transform/CAS/NotifyCalendarStatus_1.0/POST/NotifyCalendarStatusRs.xsl</action>
			</actions>
			<csTransform/>
		</response>
		<errorConfig>
			<errorHandler stylesheet="local://ondisk/services/SSI/configuration/CAS/ErrorHandler.xsl">
				<params>
					<errElementName/>
				</params>
			</errorHandler>
		</errorConfig>
	</sourceConfig>
	<targetConfig name="BookingBug">
		<request>
			<actions>
				<action name="MQ-RQHEADER-HANDLER">
					<msgExpiry>90</msgExpiry>
					<msgPersistence>0</msgPersistence>
				</action>
			</actions>
			<endpointConfig>
				<uri>/?RequestQueue=PWSDP.CHNLSH.ABB.NOTIFYCALENDERSTATUS.REQ;ReplyQueue=PWSDP.CHNLSH.CAS.NOTIFYCALENDERSTATUS.RES</uri>
				<targetSystem>BookingBug</targetSystem>
				<timeout>15</timeout>
			</endpointConfig>
			<ctTransform>CAS/NotifyCalendarStatus_1.0/POST/NotifyCalendarStatusRq.xsl</ctTransform>
		</request>
		<response>
			<actions/>
			<tcTransform/>
		</response>
	</targetConfig>
	<logConfig>
		<operationName>NotifyCalendarStatus</operationName>
	</logConfig>
</businessEvent>
