<businessEvent name="GenPay" version="v1" type="RequestReply" enabled="true" conditionalRouting="no">
	<LogRule>Common_Log_Rule02</LogRule>
	<sourceConfig>
		<ResRule>SSHTTPRqRplyInward_Res_Rule_NONXML</ResRule>
		<ContentType>XML</ContentType>
		<request>
			<actions>
				<Authorize enabled="Y">
					<attribute-value name="member">CN=IDETAXP1.apps.anz.com, OU=Technology, O=Australia and New Zealand Banking Group Ltd, L=Melbourne, ST=Victoria, C=AU</attribute-value>
				</Authorize>
			</actions>
			<scTransform/>
		</request>
		<response>
			<actions>
			<action name="HTTP-RSHEADER-HANDLER">
					<header name="MQMD" Type="remove"/>
				 </action>
			</actions>
			<csTransform/>
		</response>
		<errorConfig>
			<errorHandler stylesheet="local:/ondisk/services/SSI/configuration/PTM/PTMErrorHandler01.xsl">
				<params>
					<errElementName>GenPay</errElementName>
					<errNamespace/>
				</params>
			</errorHandler>
		</errorConfig>
	</sourceConfig>
	<targetConfig name="PTM">
		<ReqRule>SSHTTPRqRplyInward_Req_Rule_XML</ReqRule>
		<ContentType>XML</ContentType>
		<request>
			<actions>
				<action name="MQ-RQHEADER-HANDLER">
					<msgExpiry>60</msgExpiry>
				</action>
			</actions>
			<ctTransform/>
			<endpointConfig>
				<uri>/?RequestQueue=PMIT.BS.APPY.ETX.GENPAY1</uri>
				<targetSystem>PTM</targetSystem>
				<timeout>60</timeout>
			</endpointConfig>
		</request>
		<response>
			<actions>
			</actions>
			<tcTransform/>
		</response>
	</targetConfig>
	<logConfig>
		<operationName>GenPay</operationName>
		<msgID>//RqUID</msgID>
	</logConfig>
</businessEvent>