<businessEvent name="embragos" version="V1" type="RequestReply" enabled="true" conditionalRouting="no">
	<!--
	Actions:
		The actions would apply the properties as defined in it.
	AVAILABLE ACTIONS:	
		STRIP-SOAP : Strips the SOAP Envelope
		SCHEMA-VALIDATE : Validates message against the specified schema
		ADD-SOAP : Adds the SOAP Envelope
		HTTP-RQHEADER-HANDLER : HTTP Request Header Handler, sets the header values as speci-fied in the parameter <header>
		HTTP-RSHEADER-HANDLER : HTTP Response Header Handler, sets the header values as speci-fied in the parameter <header>
	 	MQ-RQHEADER-HANDLER: MQ Request Header Handler
	 	
	 The system allows to define custom actions which to specify the complete style sheet path to be executed
		Ex: <action name="SetContext" type="custom">local://ondisk/services/SSXmltoXml/01/custom/TrdngAcctAdd_SetContext.xsl</action>
		
	 -->
	<!--
	 	consumerConfig section defines 
	 		- actions to be applied on the request message received from consumer
	 		- actions to be applied on the response message sent to consumer
	 		- transform to be applied on the request message received from consumer
	 		- transform to be applied on the response message sent to consumer
	 		- Optional extender, which might require to be executed before the message being sent back to consumer.
	 		   
	 -->
	<LogRule>Common_Log_Rule02</LogRule>
	<sourceConfig>
		<ResRule>SSHTTPRqRplyInward02_Res_Rule_XML</ResRule>
		<ContentType>XML</ContentType>
		<request>
			<actions>
				<Authorize enabled="Y">
					<attribute-value name="member">CN=audpcdpsvc, OU=CDP, O=ANZ, L=Melbourne, ST=VIC, C=AU</attribute-value>
					<attribute-value name="member">CN=audpclient02.dev.anz, O=ANZ, L=Melbourne, ST=VIC, C=AU</attribute-value>
				</Authorize>
				<action name="custom">local://ondisk/common/utils/stripSoapEnvelope.xsl</action>
			</actions>
		</request>
		<!--<response>
			<actions>
				<action name="custom">local://ondisk/common/utils/stripSoapEnvelope.xsl</action>
			</actions>
		</response>-->
		<!--
			errorConfig section specifies the stylesheet to executed in case of an error. 
			Its provides option specifies the params to error stylesheet.
	 	 -->
		<errorConfig>
			<errorHandler stylesheet="local:/ondisk/services/SSI/configuration/defaultErrorHandler01.xsl">
				<params>
					<errElementName/>
					<errNamespace/>
				</params>
			</errorHandler>
		</errorConfig>
	</sourceConfig>
	<!--
		targetConfig section defines
			- actions to be applied on the request message sent to provider
	 		- actions to be applied on the response message received from provider
	 		- transform to be applied on the request message sent to provider
	 		- transform to be applied on the response message received from provider
	 		- provider endpoint configuration 
	 		- Optional extender, which might require to be executed before the message being sent to provider.
	-->
	<targetConfig name="CRD">
		<ReqRule>SSHTTPRqRplyInward02_Req_Rule_XML</ReqRule>
		<ContentType>XML</ContentType>
		<request>
			<actions>
				<action name="custom">local://ondisk/common/utils/stripSoapEnvelope.xsl</action>
			</actions>
			<endpointConfig>
				<uri>?Requestqueue=PMIT.BS.ARFD.CRD.RCVSMSFORCRD1;ReplyQueue=PWSDP.B2B.CDA.RCVSSMSCRD.RESPONSE</uri>
				<targetSystem>CIM</targetSystem>
<!--<targetSystem>QBE</targetSystem>-->
				<timeout>60</timeout>
			</endpointConfig>
		</request>
		<response>
			<actions>
				<action name="custom">local://ondisk/common/utils/addSoapEnvelope.xsl</action>
			</actions>
			<tcTransform/>
		</response>
	</targetConfig>
	<logConfig>
		<operationName>CRD_RCVSMSCRDV1</operationName>
		<msgID/>
	</logConfig>
</businessEvent>
