<service name="RetrieveTpdData">
	<logRule>Common_Log_Rule02</logRule>
	<logConfig>
		<operationName>RetrieveTpdData</operationName>
	</logConfig>
	<routingURL>http://127.0.0.1:8006/TPD/TPDCoreRetrieveData/1.0</routingURL>
	<providerRqLogEnable>Y</providerRqLogEnable>
	<providerRqLogDetailEnable>Y</providerRqLogDetailEnable>
	<providerResLogEnable>Y</providerResLogEnable>
	<providerResLogDetailEnable>Y</providerResLogDetailEnable>
	<errorLogEnable>Y</errorLogEnable>
	<errorLogDetailEnable>Y</errorLogDetailEnable>
	<ReplyToQ>PWSDP.CHNLSH.TPD.REFDATA.RES</ReplyToQ>
	<ReplyToQMgr>MQQueueManager_DigitalWallet</ReplyToQMgr>
</service>
