<service name="RetrieveEVByRefId">
<logConfig>
	<operationName>RetrieveEVByRefId</operationName>
</logConfig>
    <routingURL>http://127.0.0.1:6004/customer/evrecord/v01</routingURL>
	<providerRqLogEnable>Y</providerRqLogEnable>
	<providerRqLogDetailEnable>Y</providerRqLogDetailEnable>
	<providerResLogEnable>Y</providerResLogEnable>
	<providerResLogDetailEnable>Y</providerResLogDetailEnable>
	<errorLogEnable>Y</errorLogEnable>
	<errorLogDetailEnable>Y</errorLogDetailEnable>
        <ReplyToQ>PWSDP.CHNLSH.CSP.EVRETRIEVEREFID.RES</ReplyToQ>
        <ReplyToQMgr>MQQueueManager_DigitalWallet</ReplyToQMgr>
 </service>