<service name="CSPRetrieveOrderOriginationData">
	<logConfig>
		<operationName>SolaCspRetrvOrderOriginData</operationName>
	</logConfig>
	<routingURL>http://127.0.0.1:8006/SOLA/CSPRetrieveOrderOriginationData/1.0</routingURL>
	<providerRqLogEnable>Y</providerRqLogEnable>
	<providerRqLogDetailEnable>Y</providerRqLogDetailEnable>
	<providerResLogEnable>Y</providerResLogEnable>
	<providerResLogDetailEnable>Y</providerResLogDetailEnable>
	<errorLogEnable>Y</errorLogEnable>
	<errorLogDetailEnable>Y</errorLogDetailEnable>
	<ReplyToQ>PWSDP.CHNLSH.CSP.OLA.RES</ReplyToQ>
	<ReplyToQMgr>MQQueueManager_DigitalWallet</ReplyToQMgr>
        <mqmngroverrideflag>Y</mqmngroverrideflag>
</service>