<service name="SIOLAApplications">
	<logRule>Common_Log_Rule</logRule>
	<logConfig>
		<operationName>siolaRefData</operationName>
	</logConfig>
	<routingURL>http://127.0.0.1:8006/CSPBFF/SIOLARefdata/1.0</routingURL>
	<providerRqLogEnable>Y</providerRqLogEnable>
	<providerRqLogDetailEnable>Y</providerRqLogDetailEnable>
	<providerResLogEnable>Y</providerResLogEnable>
	<providerResLogDetailEnable>Y</providerResLogDetailEnable>
	<errorLogEnable>Y</errorLogEnable>
	<errorLogDetailEnable>Y</errorLogDetailEnable>
	<mqmngroverrideflag>y</mqmngroverrideflag>
</service>