<service name="PLCC">
	<logRule>Common_Log_Rule</logRule>
	<logConfig>
		<operationName>RetrieveReferenceProperties.xml</operationName>
	</logConfig>
	<routingURL>http://127.0.0.1:8006/EDPCSP/CSPRetrieveRefDataByKey/1.0</routingURL>
	<providerRqLogEnable>Y</providerRqLogEnable>
	<providerRqLogDetailEnable>Y</providerRqLogDetailEnable>
	<providerResLogEnable>Y</providerResLogEnable>
	<providerResLogDetailEnable>Y</providerResLogDetailEnable>
	<errorLogEnable>Y</errorLogEnable>
	<errorLogDetailEnable>Y</errorLogDetailEnable>
	<ReplyToQ>PWSDP.CAR.PLCC.EVRETRIEVEREFDATA.RSP</ReplyToQ>
	<ReplyToQMgr>AU3EGS1.MQ</ReplyToQMgr>
        <mqmngroverrideflag>y</mqmngroverrideflag>
</service>
