<service name="CSPRetrieveProductCollection">
	<logConfig>
		<operationName>RetrvProductCollection</operationName>
	</logConfig>
	<routingURL>http://127.0.0.1:8006/CSPBFF/CSPRetrieveProductCollection/1.0</routingURL>
	<providerRqLogEnable>Y</providerRqLogEnable>
	<providerRqLogDetailEnable>Y</providerRqLogDetailEnable>
	<providerResLogEnable>Y</providerResLogEnable>
	<providerResLogDetailEnable>Y</providerResLogDetailEnable>
	<errorLogEnable>Y</errorLogEnable>
	<errorLogDetailEnable>Y</errorLogDetailEnable>
         <mqmngroverrideflag>Y</mqmngroverrideflag>
</service>