<service name="AddressSearch">
	<logConfig>
		<operationName>RetrieveAddressSearch</operationName>
	</logConfig>
	<routingURL>http://127.0.0.1:8006/PLCC/CSPAddressSearch/1.0</routingURL>
	<providerRqLogEnable>Y</providerRqLogEnable>
	<providerRqLogDetailEnable>Y</providerRqLogDetailEnable>
	<providerResLogEnable>Y</providerResLogEnable>
	<providerResLogDetailEnable>Y</providerResLogDetailEnable>
	<errorLogEnable>Y</errorLogEnable>
	<errorLogDetailEnable>Y</errorLogDetailEnable>
	<ReplyToQ>PWSDP.CHNLSH.PLCC.EVRETRIEVEREFDATA.RES</ReplyToQ>
	<ReplyToQMgr>MQQueueManager_DigitalWallet</ReplyToQMgr>
	<mqmngroverrideflag>y</mqmngroverrideflag>
</service>
