<service name="CaptureEVData">
<logConfig>
	<operationName>CaptureEVData</operationName>
</logConfig>
    <routingURL>http://127.0.0.1:6004/customer/capture/v01</routingURL>
	<providerRqLogEnable>Y</providerRqLogEnable>
	<providerRqLogDetailEnable>Y</providerRqLogDetailEnable>
	<providerResLogEnable>Y</providerResLogEnable>
	<providerResLogDetailEnable>Y</providerResLogDetailEnable>
	<errorLogEnable>Y</errorLogEnable>
	<errorLogDetailEnable>Y</errorLogDetailEnable>
        <ReplyToQ>PWSDP.CHNLSH.CSP.EVCAPTURE.RES</ReplyToQ>
        <ReplyToQMgr>MQQueueManager_DigitalWallet</ReplyToQMgr>
 </service>
