<?xml version="1.0" encoding="UTF-8" standalone="yes"?>
<service name="CSPRetrieveOrderStates">
	<logRule>Common_Log_Rule</logRule>
	<logConfig>
		<operationName>RetrieveOrderStates</operationName>
	</logConfig>
	<routingURL>http://127.0.0.1:8006/PLCC/CSPRetrieveOrderStates/1.0</routingURL>
	<providerRqLogEnable>Y</providerRqLogEnable>
	<providerRqLogDetailEnable>Y</providerRqLogDetailEnable>
	<providerResLogEnable>Y</providerResLogEnable>
	<providerResLogDetailEnable>Y</providerResLogDetailEnable>
	<errorLogEnable>Y</errorLogEnable>
	<errorLogDetailEnable>Y</errorLogDetailEnable>
	<ReplyToQ>PWSDP.CHNLSH.PLCC.EVRETRIEVEREFDATA.RES</ReplyToQ>
	<ReplyToQMgr>AU3DWT1.MQ</ReplyToQMgr>
	<mqmngroverrideflag>y</mqmngroverrideflag>
</service>