<?xml version="1.0" encoding="UTF-8"?>
<businessEvent name="generatecustomerotp" version="01" type="RequestReply" enabled="true" conditionalRouting="false">
	<sourceConfig>
		<request>
			<actions>
				<action name="AAA" enabled="N">AU ChnlSH OTP Service Accounts (Ad)</action>
				<action name="VALIDATE-HEADERS" enabled="true">
					<header name="RequestID" required="true"/>
					<header name="ANZ-Application-ID" required="true"/>
				</action>
				<!--<header name="Content-Type" value="application/vnd.mcp-anz.com+json;version=1.0" valueType="set"/>-->
			</actions>
			<scTransform/>
		</request>
		<response>
			<actions>
			</actions>
			<csTransform>dsp/generatecustomerotp_1.0/POST/generatecustomerotp_CT.xsl</csTransform>
		</response>
		<errorConfig>
			<errorHandler stylesheet="local:///ondisk/services/SSI/configuration/dsp/generatecustomerotp_1.0/POST/ErrorHandler.xsl">
				<params>
					<errContentType>application/json</errContentType>
				</params>
			</errorHandler>
		</errorConfig>
	</sourceConfig>
	<targetConfig name="dsp">
		<request>
			<ctTransform>dsp/generatecustomerotp_1.0/POST/generatecustomerotp_CS.xsl</ctTransform>               
			<actions>
				<action name="HTTP-RQHEADER-HANDLER">
					<header name="Content-Type" value="application/vnd.cmc-anz.com+json;version=1.0"/>
					<header name="RequestID" valueType="copy"/>
				</action>
			</actions>

			<endpointConfig>
				<staticUri>/cmc/internalcso</staticUri>
				<!--<staticUri>cmc/unauth</staticUri>-->
				<uri type="uri-in"/>
				<targetSystem>DSP</targetSystem>
				<timeout>30</timeout>
			</endpointConfig>
		</request>
		<response>
			<actions/>
			<tcTransform/>
		</response>
	</targetConfig>
	<logConfig>
		<operationName>generatcustomereotp01</operationName>
	</logConfig>
	<LogRule>Common_Log_Rule02</LogRule>
</businessEvent>