<Mobile_SendSms version="01">
<gatewaypattern name="B2BHttpGateway" version="01">
		<ssl-proxy name="Internal_SSLProxyProfile_SMSGlobal"/>
		<ProviderDetails>SMSGLOBAL</ProviderDetails>
                <logConfig>
			<LogRule>Common_Log_Rule02</LogRule>
			<operationName>DSPSendSMS</operationName>
			<msgID>/B2BGatewayRq/B2BGatewayRqHdr/MessageHeader/sourceSystemMessageID</msgID>
		</logConfig>
                <ServiceSpecificRequestXSL>local:/ondisk/services/B2BGateway/SMSGlobal/SMSGlobal_RequestProcess.xsl</ServiceSpecificRequestXSL>
	</gatewaypattern>
	<Provider name="SMSGLOBAL">
		<Route>
			<Routing-url>https://www.smsglobal.com/http-api.php</Routing-url>
			 <ssl-proxyprofile>Internal_SSLProxyProfile_SMSGlobal</ssl-proxyprofile>
		</Route>
	</Provider>
</Mobile_SendSms>