<SYBASE_SendSms version="01">
<gatewaypattern name="B2BHttpGateway" version="01">
		<ssl-proxy name="Internal_SSLProxyProfile_SMSGlobal"/>
		<ProviderDetails>SMSGLOBAL</ProviderDetails>
                <ServiceSpecificRequestXSL>local:/ondisk/services/B2BGateway/SMSGlobal/SMSGlobal_RequestProcess.xsl</ServiceSpecificRequestXSL>
	</gatewaypattern>
	<Provider name="SMSGLOBAL">
		<Route>
			<Routing-url>https://www.smsglobal.com/http-api.php</Routing-url>
			<ssl-proxyprofile>Internal_SSLProxyProfile_SMSGlobal</ssl-proxyprofile>
			<!--<Routing-url>http://0.0.0.0:8991</Routing-url>-->
		</Route>
	</Provider>
</SYBASE_SendSms>