<?xml version="1.0" encoding="UTF-8"?>
<routingInfo>
	<routing-urls>
		<url env="DEV">https://cspappuat.service.dev/api/originationservice</url>
		<!--  <url env="st">https://cspappuat.service.dev/api/originationservice</url> -->
		<!-- url env="st" domain="AURETAILSH">https://cspappsit1.service.dev</url-->
		<url env="st" domain="AURETAILSH">https://cspappuat.service.dev/api/originationservice</url>
                  <url env="sit" domain="AURETAILSH">https://cspappuat.service.dev/api/originationservice</url>
		<!-- <url env="DEV">http://10.220.106.170:8089</url>-->
			</routing-urls>
	<!-- <sslProxyProfile>Internal_SSLProxyProfile_Forward</sslProxyProfile> -->
<sslProxyProfile>Internal_SSLProxyProfile_Forward</sslProxyProfile>
</routingInfo>

