<?xml version="1.0" encoding="UTF-8"?>
<routingInfo>
	<routing-urls>
		<!--<url env="sit">https://cspappuat.service.dev</url>-->
		<url env="sit">https://cspappsit1.service.dev</url>
		<!--
     <url env="sit">http://10.97.9.121:7010</url>
<url env="sit">https://eonboardingservice-csp-test-sienna.apps.cpaas.service.dev</url>
 <url env="DEV">http://10.220.106.170:8089</url>
-->
	</routing-urls>
	<!--
    <sslProxyProfile>Internal_SSLProxyProfile_Forward</sslProxyProfile>
-->
	<sslProxyProfile>External_SSLPoxyProfile_CSP</sslProxyProfile>
</routingInfo>