<?xml version="1.0" encoding="UTF-8"?>
<routingInfo>
	<routing-urls>
		<!-- <url env="dev" domain="AURETAILSH">http://cimau227tst18.appdev.corptst.anz.com:4046</url> -->
		<url env="dev" domain="AURETAILSH">http://cimau227tst18.appdev.corptst.anz.com:4046/api/cti/syslog/1.0</url>
		<!--<url env="sit" domain="AURETAILSH">https://ibsc0201au.dev.anz</url>-->
		<!-- Changed 12/02/2018 - ESU QA  -->
		<!--<url env="sit" domain="AURETAILSH">https://bankingauqa1.dev.anz</url>-->
		<!-- Changed 26/06/2018 - IB LAB 15  Updated again on 03-07-18 to 1301-->
		<!--<url env="sit" domain="AURETAILSH">https://iblab1301au.dev.anz</url>-->
                <!--<url env="sit" domain="AURETAILSH">https://iblab0401au.dev.anz</url>-->
                <url env="sit" domain="AURETAILSH">https://iblab0101au.dev.anz</url>
		<!-- Changed 25/06/2018 - ESU QA  -->
		<!--<url env="sit" domain="AURETAILSH">https://bankingauqa1.dev.anz</url>-->
	</routing-urls>
	<sslProxyProfile>Internal_SSLProxyProfile_Forward</sslProxyProfile>
</routingInfo>
