<?xml version="1.0" encoding="UTF-8"?>
<routingInfo>
	<routing-urls>
        
		 <url env="sit" domain="AURETAILSH">http://dmcra40l.unix.anz:33760</url>
       <!--<url env="dev" domain="AURETAILCHNLSH">http://dseca01l.unix.anz:8011</url>
        <url env="dev" domain="AURETAILCHNLSH">https://dwaua06l.unix.anz:33526</url>-->
	</routing-urls>
	<sslClientProfile>Internal_SSLProxyProfile_Forward</sslClientProfile>
        <!--<sslProxyProfile>Internal_SSLProxyProfile_Forward</sslProxyProfile>-->
</routingInfo>


