<?xml version="1.0" encoding="UTF-8"?>
<routingInfo>
	<routing-urls>
		<url env="dev" domain="AURETAILSH">http://cimau227tst18.appdev.corptst.anz.com:5012</url>
       <!--    <url env="sit" domain="AURETAILSH">http://dmcra26l.unix.anz:33760</url> -->
       <url env="sit" domain="AURETAILSH">https://dmcra40l.unix.anz:33631</url> 
	<!-- <url env="sit" domain="AURETAILSH">https://ohs1.sit2.mcp.dev.anz:4444</url> -->

           

</routing-urls>
	<sslProxyProfile>Internal_SSLProxyProfile_Forward</sslProxyProfile>
</routingInfo>