<?xml version="1.0" encoding="UTF-8"?>
<routingInfo>
	<routing-urls>
		<!--<url env="sit" domain="AURETAILSH">http://dlish06z.unix.anz:8657</url> -->
		<!--       <url env="sit" domain="AURETAILSH">https://siebel-tst15.dev.anz</url>   -->
		<!--   <url env="sit" domain="AURETAILSH">https://siebel-tst06.dev.anz</url>  -->
		<!--    <url env="sit" domain="AURETAILSH">https://siebel-tst10.dev.anz</url> -->
		<!--ESU Refresh-->
		<!--            <url env="sit" domain="AURETAILSH">https://siebel-tst01.service.dev</url>    -->
		<!--  <url env="sit" domain="AURETAILSH">https://siebel-tst04.service.dev</url>  
               <url env="sit" domain="AURETAILSH">https://siebel-tst10.service.dev</url>-->
		<!--  <url env="sit" domain="AURETAILSH">https://siebel-tst12.service.dev</url> -->
		<!--<url env="sit" domain="AURETAILSH">https://siebel-tst13.service.dev</url>-->
<!-- Changed as part CSP and OLA applications 03-May-2018 Contact Kumar Suresh incase of changes  -->
		<url env="sit" domain="AURETAILSH">https://siebel-tst03.service.dev</url>
	</routing-urls>
	<sslProxyProfile>Internal_SSLProxyProfile_Siebel</sslProxyProfile>
</routingInfo>
