<?xml version="1.0" encoding="UTF-8"?>
<routingInfo>
	<routing-urls>
	 
            <url env="dev" domain="AURETAILSH">http://cimau227tst18.appdev.corptst.anz.com:7827</url> 
	        <url env="st" domain="AURETAILSH">https://cspappuat.service.dev</url>
	       <url env="sit" domain="AURETAILSH">https://cspappsit1.service.dev</url> 
<!--  <url env="sit" domain="AURETAILSH">https://cspuisit1.service.dev</url> -->
               
	</routing-urls>
	<sslProxyProfile>External_SSLPoxyProfile_CSP</sslProxyProfile>
</routingInfo>