<?xml version="1.0" encoding="UTF-8"?>
<businessEvent name="RetrieveProductCollection" version="01" type="RequestReply" enabled="true" conditionalRouting="false">
	<LogRule>Common_Log_Rule02</LogRule>
	<sourceConfig>
		<request>
			<actions/>
			<scTransform/>
		</request>
		<response>
			<actions>
				<action name="HTTP-RSHEADER-HANDLER">
					<header name="Content-Type" value="text/xml"/>
				</action>
			</actions>
			<csTransform/>
		</response>
		<errorConfig>
			<errorHandler stylesheet="local://ondisk/services/SSI/configuration/CSPBFF/CSPRetrieveProductCollection_1.0/POST/ErrorHandler.xsl">
				<params>
					<errElementName/>
				</params>
			</errorHandler>
		</errorConfig>
	</sourceConfig>
	<targetConfig name="CSPBFF">
		<request>
			<actions/>
			<ctTransform>/CSPBFF/CSPRetrieveProductCollection_1.0/POST/RetrieveProdRq.xsl</ctTransform>
			<endpointConfig>
				<uri type="dyn"/>
				<uri-pattern>
					<static>/api</static>
					<dynamic>/RetrieveProductCollection/PayloadRq/Uri</dynamic>
				</uri-pattern>
				<targetSystem>CSPBFF</targetSystem>
				<timeout>120</timeout>
			</endpointConfig>
		</request>
		<response>
			<actions>
				<action type="custom">local://ondisk/services/SSI/transform/CSPBFF/CSPRetrieveProductCollection_1.0/POST/RetrieveProdRs.xsl</action>
			</actions>
			<tcTransform/>
		</response>
	</targetConfig>
	<logConfig>
		<operationName>RetrvProductCollection01</operationName>
	</logConfig>
</businessEvent>