<?xml version="1.0" encoding="UTF-8"?>
<businessEvent name="InitiateEVCustReq" version="01" type="RequestReply" enabled="true" conditionalRouting="false">
	<LogRule>Common_Log_Rule02</LogRule>
	<sourceConfig>
		<request>
			<actions>
				<action name="AAA" enabled="N">Rg_Svc AU RetailSH BS EV - InitiateCustReq</action>
			</actions>
			<scTransform/>
		</request>
		<response>
			<actions>
				<action name="HTTP-RSHEADER-HANDLER">
					<header name="Content-Type" value="text/xml"/>
					<header name="requestId" value="/InitiateEVCustReq/PayloadRs/requestId" valueType="xpath"/>
				</action>
			</actions>
			<csTransform/>
		</response>
		<errorConfig>
			<errorHandler stylesheet="local://ondisk/services/SSI/configuration/customer/ErrorHandler.xsl">
				<params>
					<errElementName/>
				</params>
			</errorHandler>
		</errorConfig>
	</sourceConfig>
	<targetConfig name="CSP">
		<request>
			<actions>
		    	   <!--     <action type="custom">local://ondisk/services/SSI/transform/customer/initiatecust_v01/InitiateEVCustReqRq.xsl</action>  -->
				<action name="HTTP-RQHEADER-HANDLER">
					<method>PUT</method>
                                        <header name="ANZ-Application-Version " value="/InitiateEVCustReq/PayloadRq/ANZ-Application-Version" valueType="xpath"/>
					<header name="ANZ-Application-ID " value="/InitiateEVCustReq/PayloadRq/ANZ-Application-ID" valueType="xpath"/>
					
					<header name="requestId " value="/InitiateEVCustReq/PayloadRq/requestId" valueType="xpath"/>
					<header name="branchId " value="/InitiateEVCustReq/PayloadRq/branchId" valueType="xpath"/>
					<header name="terminalId " value="/InitiateEVCustReq/PayloadRq/terminalId" valueType="xpath"/>
					<header name="origApp " value="/InitiateEVCustReq/PayloadRq/origApp" valueType="xpath"/>
					<header name="initCompany " value="/InitiateEVCustReq/PayloadRq/initCompany" valueType="xpath"/>
                                        <header name="JWT-Token" value="/InitiateEVCustReq/PayloadRq/Auth" valueType="xpath"/>
                                        <header name="User-Agent" value="/InitiateEVCustReq/PayloadRq/User-Agent" valueType="xpath"/>
                                        <header name="Origin" value="/InitiateEVCustReq/PayloadRq/Origin" valueType="xpath"/>
                                        <header name="Accept" value="application/vnd.csp-anz.com+json;version=1.0" valueType="set"/>
                                        <header name="Content-Type" value="application/json" valueType="set"/> 
				</action>
			</actions>
                        <ctTransform>customer/initiatecust_v01/InitiateEVCustReqRq.xsl</ctTransform>
			<endpointConfig>
				<uri type="dyn"/>
                                <uri-pattern>
                                   <static>/api/electronicverification/verifications/electronic/</static> 
                                   <dynamic>InitiateEVCustReq/PayloadRq/referenceId</dynamic>
                                   <static>/customer</static>
                                 </uri-pattern> 
				<targetSystem>CSP</targetSystem>
				<timeout>90</timeout>
			</endpointConfig>
		</request>
		<response>
			<actions>
				<action type="custom">local://ondisk/services/SSI/transform/customer/initiatecust_v01/InitiateEVCustReqRs.xsl</action>
			</actions>
			<tcTransform/>
		</response>
	</targetConfig>
	<logConfig>
		<operationName>InitiateEVCustReq01</operationName>
	</logConfig>
</businessEvent>