<businessEvent name="ValuationInformation" version="01" type="RequestReply" enabled="true" conditionalRouting="no">
	<!--
	Actions:
		The actions would apply the properties as defined in it.
	AVAILABLE ACTIONS:
		
		STRIP-SOAP : Strips the SOAP Envelope
		SCHEMA-VALIDATE : Validates message against the specified schema
		ADD-SOAP : Adds the SOAP Envelope
		HTTP-RQHEADER-HANDLER : HTTP Request Header Handler, sets the header values as specified in the parameter <header>
		HTTP-RSHEADER-HANDLER : HTTP Response Header Handler, sets the header values as specified in the parameter <header>
	 	MQ-RQHEADER-HANDLER: MQ Request Header Handler
	 	
	 The system allows to define custom actions which to specify the complete style sheet path to be executed
		Ex: <action name="SetContext" type="custom">local://ondisk/services/SSXmltoXml/01/custom/TrdngAcctAdd_SetContext.xsl</action>
		
	 -->
	<!--
	 	consumerConfig section defines 
	 		- actions to be applied on the request message received from consumer
	 		- actions to be applied on the response message sent to consumer
	 		- transform to be applied on the request message received from consumer
	 		- transform to be applied on the response message sent to consumer
	 		- Optional extender, which might require to be executed before the message being sent back to consumer.
	 		   
	 -->
	<sourceConfig>
		<ResRule>SSHTTPRqRplyInward01_XML_Res_Rule</ResRule>
		<ContentType>XML</ContentType>
		<request>
			<actions>
				<Authorize>
					<attribute-value name="member">CN=audpclient01.dev.anz, O=ANZ, L=Melbourne, ST=Victoria, C=AU</attribute-value>
					<attribute-value name="member">CN=audpclient02.dev.anz, O=ANZ, L=Melbourne, ST=Victoria, C=AU</attribute-value>
					<attribute-value name="member">CN=audpclient03.dev.anz, O=ANZ, L=Melbourne, ST=Victoria, C=AU</attribute-value>
				</Authorize>
			</actions>
			<scTransform/>
			<!--<sourceNamespace>http://www.anz.com/integration/australia-rcw/emailcommunication0101/v01.01</sourceNamespace>
			<respElementName>EmailCommunicationResponse</respElementName>-->
		</request>
		<response>
			<actions/>
			<csTransform/>
		</response>
		<!--
			errorConfig section specifies the stylesheet to executed in case of an error. 
			Its provides option specifies the params to error stylesheet.
	 	 -->
		<errorConfig>
			<errorHandler stylesheet="local:/ondisk/services/SSI/configuration/defaultErrorHandler01.xsl">
				<params>
					<errElementName>ValuationInformationResponse</errElementName>
					<errNamespace/>
				</params>
			</errorHandler>
		</errorConfig>
	</sourceConfig>
	<!--
		targetConfig section defines
			- actions to be applied on the request message sent to provider
	 		- actions to be applied on the response message received from provider
	 		- transform to be applied on the request message sent to provider
	 		- transform to be applied on the response message received from provider
	 		- provider endpoint configuration 
	 		- Optional extender, which might require to be executed before the message being sent to provider.
	-->
	<targetConfig name="ECOM_AURETAILCHNLSH">
		<!--<ReqRule>SSPHTTPRqRplyOutward01_POSTPUT_JSON_Req_Rule</ReqRule>-->
		<ReqRule>SSHTTPRqRplyInward01_POSTPUT_XML_Req_Rule</ReqRule>
		<ContentType>XML</ContentType>
		<request>
			<actions>
				<!--<action name="HTTP-RQHEADER-HANDLER">
					-->
				<!--<header name="Content-Type" valueType="copy"/>
					<header name="Accept" valueType="copy"/>
					<header name="User-Agent" valueType="copy"/>-->
				<!--
				</action>-->
			</actions>
			<ctTransform/>
			<endpointConfig>
				<uri>/B2B/ValuationInformation/01</uri>
				<targetSystem>ECOM_AURETAILCHNLSH</targetSystem>
				<timeout>60</timeout>
			</endpointConfig>
		</request>
		<response>
			<actions/>
			<tcTransform/>
		</response>
	</targetConfig>
	<logConfig>
		<operationName>ValuationInformation</operationName>
	</logConfig>
</businessEvent>