<?xml version="1.0" encoding="UTF-8"?>
<businessEvent name="CSPApplicationTemplate" version="01" type="RequestReply" enabled="true" conditionalRouting="false">
	<LogRule>Common_Log_Rule02</LogRule>
	<sourceConfig>
		<request>
			<actions>
				</actions>
			<scTransform/>
		</request>
		<response>
			<actions>
				</actions>
			<csTransform/>
		</response>
		<errorConfig>
			<errorHandler stylesheet="local://ondisk/services/SSI/configuration/CSPBFF/CSPApplicationTemplate_1.0/POST/ErrorHandler.xsl">
				<params>
					<!--<errContentType>application/vnd.mcp-anz.com+json_version_1.0</errContentType>-->
					<errContentType>application/xml</errContentType>
				</params>
			</errorHandler>
		</errorConfig>
	</sourceConfig>
	<targetConfig name="CSPBFF">
		<request>
			<actions>
				<action type="custom">local:/ondisk/services/SSI/transform/CSPBFF/CSPApplicationTemplate_1.0/POST/ApplicationTemplate_Req.xsl</action>
			</actions>
			<ctTransform/>
			<endpointConfig>
				<staticURI>/api/originationservice</staticURI> 
				<uri type="uri-in"/>
				<targetSystem>CSPBFF</targetSystem>
				<timeout>80</timeout>
			</endpointConfig>
		</request>
		<response>
			<!--<actions>
				<action type="custom">local:/ondisk/services/SSI/transform/CSPBFF/CSPUpdateStateByKey_1.0/POST/UpdateState_Rs.xsl</action>
			</actions>-->
			<tcTransform>CSPBFF/CSPApplicationTemplate_1.0/POST/ApplicationTemplate_Rs.xsl</tcTransform>
		</response>
		<!--<filter>CSPBFF/CSPApplicationTemplate_1.0/POST/SIOLAApplyReqFilter.xsl</filter>-->
	</targetConfig>
	<logConfig>
		<operationName>RetriveApplicationTemplate</operationName>
	</logConfig>
</businessEvent>