<?xml version="1.0" encoding="UTF-8"?>
<businessEvent name="disableuser" version="01" type="RequestReply" enabled="true" conditionalRouting="false">
	<sourceConfig>
		<request>
			<actions>
				<action name="AAA" enabled="Y">AU ChnlSH DisableUser Service Accounts (Ad)</action>
				<action name="VALIDATE-HEADERS" enabled="true">
					<header name="RequestID" required="true"/>
                                              <header name="ANZ-Application-ID" required="true"/>
				</action>
			</actions>
			<scTransform/>
		</request>
		<response>
			<actions>
			</actions>
			<csTransform/>
		</response>
		<errorConfig>
			<errorHandler stylesheet="local:///ondisk/services/SSI/configuration/dsp/disableusers_1.0/PUT/ErrorHandler.xsl">
				<params>
					<errContentType>application/json</errContentType>
				</params>
			</errorHandler>
		</errorConfig>
	</sourceConfig>
	<targetConfig name="dsp">
		<request>
			<actions>
				<action name="HTTP-RQHEADER-HANDLER">
				    <header name="Content-Type" valueType="SET" value="application/vnd.cmc-anz.com+json;version=1.0"/>
                                        <header name="RequestID" valueType="copy"/>
				</action>
			</actions>
			<ctTransform>dsp/disableusers_1.0/PUT/disableuser_CS.xsl</ctTransform>
			<endpointConfig>
				<staticUri>/cmc/internalcso</staticUri>
				<uri type="uri-in"/>
				<targetSystem>DSP</targetSystem>
				<timeout>30</timeout>
			</endpointConfig>
		</request>
		<response>
			<actions>
				<action type="custom">local://ondisk/services/SSI/transform/dsp/disableusers_1.0/PUT/disableuser_CT.xsl</action>
			</actions>
			<tcTransform/>
		</response>
	</targetConfig>
	<logConfig>
		<operationName>disableuser01</operationName>
	</logConfig>
	<LogRule>Common_Log_Rule02</LogRule>
</businessEvent>
