<?xml version="1.0" encoding="UTF-8"?>
<Alerting>
	<environment name="FRM01">
		<BusinessService name="EventPublish">
			<region>AUS</region>
			<forwarder>CIM</forwarder>
			<hostname>dpaau182frm01.apps.anz</hostname>
			<class>appliance</class>
			<severity>error</severity>
			<IA>IA</IA>
			<incidentAreaGroup>
				<IncidentAreas errorCode="100">
					<IncidentArea>IT Operations.Global.DataPower.zUnlisted</IncidentArea>
					<ErrorText>General error</ErrorText>
					<ci>dpaau182frm01</ci>
				</IncidentAreas>
				<IncidentAreas errorCode="200">
					<IncidentArea>Business Programs.OPT Program.Pega</IncidentArea>
					<ErrorText>One or more of the elements in the request is either invalid or is inconsistent with other elements</ErrorText>
					<ci>dpaau182frm01</ci>
				</IncidentAreas>
				<IncidentAreas errorCode="300">
					<IncidentArea>Business Programs.OPT Program.Pega</IncidentArea>
					<ErrorText>Backend system not available</ErrorText>
					<ci>dpaau182frm01</ci>
				</IncidentAreas>
			</incidentAreaGroup>
		</BusinessService>
	</environment>
</Alerting>
