<?xml version="1.0" encoding="UTF-8"?>
<Service name="CreditBureauInquiry" version="V01" detailedLog="false" operationName="CreditBureauInquiryV01">
	<PolicyRules type="default">
		<RequestRule>CreditBureauInquiryV01_Policy_GDC_Request_rule_01</RequestRule>
		<ResponseRule>CreditBureauInquiryV01_Policy_GDC_Response_rule_01</ResponseRule>
	</PolicyRules>
	<LogRule>Common_Log_Rule02</LogRule>
	<EndPoints>
		<EndPoint source="Siebel" target="GreenID">
			<Url>https://verify.globaldatacompany.com/Verification.svc</Url>
			<SslProfile>External_SSLProxyProfile_GreenID</SslProfile>
			<SOAPAction messageType="SayHello">https://verify.globaldatacompany.com/IVerify/SayHello</SOAPAction>
			<SOAPAction messageType="Branch">https://verify.globaldatacompany.com/IVerify/Verify</SOAPAction>
			<SOAPAction messageType="CallCenter">https://verify.globaldatacompany.com/IVerify/Verify</SOAPAction>
			<SOAPAction messageType="Other">https://verify.globaldatacompany.com/IVerify/Verify</SOAPAction>
			<SOAPAction messageType="default">https://verify.globaldatacompany.com/IVerify/Verify</SOAPAction>
		</EndPoint>
		<EndPoint source="AURETAIL_CreditBureauInquiryV01" target="GreenID">
			<Url>https://verify.globaldatacompany.com/Verification.svc</Url>
			<SslProfile>External_SSLProxyProfile_GreenID</SslProfile>
			<SOAPAction messageType="SayHello">https://verify.globaldatacompany.com/IVerify/SayHello</SOAPAction>
			<SOAPAction messageType="Branch">https://verify.globaldatacompany.com/IVerify/Verify</SOAPAction>
			<SOAPAction messageType="CallCenter">https://verify.globaldatacompany.com/IVerify/Verify</SOAPAction>
			<SOAPAction messageType="Other">https://verify.globaldatacompany.com/IVerify/Verify</SOAPAction>
			<SOAPAction messageType="default">https://verify.globaldatacompany.com/IVerify/Verify</SOAPAction>
		</EndPoint>
	</EndPoints>
</Service>