<?xml version="1.0" encoding="UTF-8"?>
<Service name="CreditBureauInquiry" version="V01" detailedLog="false">
		<PolicyRules type="default">
			<RequestRule>CreditBureauInquiryV01_Policy_GDC_Request_rule_01</RequestRule>
			<ResponseRule>CreditBureauInquiryV01_Policy_GDC_Response_rule_01</ResponseRule>
		</PolicyRules>
		<EndPoints>
			<EndPoint source="Siebel" target="GreenID">
				<Url>https://verify.globaldatacompany.com/Verification.svc</Url>
				<SslProfile>External_SSLProxyProfile_GreenID</SslProfile>
				<BasicAuthCredential messageType="SayHello" username="hellotest" password="sTubR2w$"/>
				<SOAPAction messageType="SayHello">https://verify.globaldatacompany.com/IVerify/SayHello</SOAPAction>
				<BasicAuthCredential messageType="default" username="anzkyctest" password="vE42!trA"/>
				<SOAPAction messageType="default">https://verify.globaldatacompany.com/IVerify/Verify</SOAPAction>
			</EndPoint>
			<EndPoint source="CreditBureauInquiryV01" target="GreenID">
				<Url>https://verify.globaldatacompany.com/Verification.svc</Url>
				<SslProfile>External_SSLProxyProfile_GreenID</SslProfile>
				<BasicAuthCredential messageType="SayHello" username="hellotest" password="sTubR2w$"/>
				<SOAPAction messageType="SayHello">https://verify.globaldatacompany.com/IVerify/SayHello</SOAPAction>
				<BasicAuthCredential messageType="default" username="anzkyctest" password="vE42!trA"/>
				<SOAPAction messageType="default">https://verify.globaldatacompany.com/IVerify/Verify</SOAPAction>
			</EndPoint>
		</EndPoints>
</Service>