<?xml version="1.0" encoding="UTF-8"?>
<Service name="CreditBureauInquiry" version="V02" detailedLog="false" operationName="CreditBureauInquiryV02">
	<PolicyRules type="default">
		<RequestRule>CreditBureauInquiryV02_Policy_EV3_Request_rule_01</RequestRule>
		<ResponseRule>CreditBureauInquiryV02_Policy_Veda_Response_rule_01</ResponseRule>
	</PolicyRules>
	<LogRule>Common_Log_Rule02</LogRule>
	<EndPoints>
		<EndPoint source="CSP" target="EV3">
			<Url>https://anz-prod.vedaconnect.com.au/sys2/idmatrix-v4</Url>
			<SslProfile>External_SSLProxyProfile_EV3</SslProfile>
			<SOAPAction messageType="SayHello">https://vedaxml.com/sys2/ping-v1</SOAPAction>
			<SOAPAction messageType="Branch">http://vedaxml.com/idmatrix/VerifyIdentity</SOAPAction>
			<SOAPAction messageType="CallCenter">http://vedaxml.com/idmatrix/VerifyIdentity</SOAPAction>
			<SOAPAction messageType="Other">http://vedaxml.com/idmatrix/VerifyIdentity</SOAPAction>
			<SOAPAction messageType="default">http://vedaxml.com/idmatrix/VerifyIdentity</SOAPAction>
		</EndPoint>
	</EndPoints>
</Service>