<businessEvent name="Inward" version="v1" type="RequestReply" enabled="true" conditionalRouting="no">
	
	<sourceConfig>
	 <ResRule>SSHTTPRqRplyInward_Res_Rule_XML</ResRule>
		<ContentType>XML</ContentType>
		<request>
			<actions>
				<Authorize enabled="N">
					<attribute-value name="member">CN=Rubik-ANZToolkit-DevUAT-Endpoint, OU=UAT, O=Rubik Financial Limited, C=AU</attribute-value>
				</Authorize>
			</actions>
			<scTransform/>
		</request>
		<response>
			<actions/>
			   
			<csTransform/>
		</response>
		<errorConfig>
		<!--<errorHandler stylesheet="local:/ondisk/services/SSI/configuration/defaultErrorHandler01.xsl">-->
                <errorHandler stylesheet="local:/ondisk/services/SSI/configuration/ANZToolkit/ANZToolkitErrorHandler01.xsl">
				<params>
					<errElementName>EventNotification</errElementName>
					<errNamespace/>
				</params>
			</errorHandler>
		</errorConfig>	
	</sourceConfig>

	<targetConfig name="CIM">
	<ReqRule>SSHTTPRqRplyInward_Req_Rule_XML</ReqRule>
	<ContentType>XML</ContentType>
		<request>
			<actions>
                           <action name="MQ-RQHEADER-HANDLER">
			   <msgExpiry>60</msgExpiry>
                        </action>
			</actions>
			<ctTransform/>
			<endpointConfig>
				<uri>/?RequestQueue=PMIT.BS.ARGN.PEG.PEGACASENOTIFICATION1;ReplyQueue=PWSDP.B2B.ATK.EVENTNOTIFICATION.RESPONSE</uri>
				<targetSystem>CIM</targetSystem>
				<timeout>60</timeout>
			</endpointConfig>
		</request>
		<response>
			<actions/>
			<tcTransform/>
		</response>
	</targetConfig>
	<logConfig>
		<operationName>EventNotification</operationName>
	</logConfig>
</businessEvent>
