<?xml version="1.0" encoding="UTF-8"?>
<configs processForContextRoot="false">
	<!--POST - /api/customerservicev2/customers/{cvb}/crns/{cvbv}/link-to-accounts -->
	<config serviceURI="^/customers/[\w-]+/crns/[\w-]+/link-to-accounts" method="POST">
		<routingURL>http://127.0.0.1:8006</routingURL>
		<consumer>CSP</consumer>
		<target>LinkCRN</target>
		<operationName>LinkCRN_01</operationName>
	</config>
	<!--POST - /customers/{customerID}/crns -->
	<config serviceURI="^/customers/[\w-]+/crns" method="POST">
		<routingURL>http://127.0.0.1:8006</routingURL>
		<consumer>CSP</consumer>
		<target>CreateCRN</target>
		<operationName>CreateCRN_01</operationName>
	</config>
	<!--GET - /customers/{customerID}/crns -->
	<config serviceURI="^/customers/[\w-]+/crns" method="GET">
		<routingURL>http://127.0.0.1:8006</routingURL>
		<consumer>CSP</consumer>
		<target>GetCRN</target>
		<operationName>GetCRN_01</operationName>
	</config>
	<!--GET - /customers/{customerID}/crns/{CRNNum}/status -->
	<config serviceURI="^/customers/[\w-]+/crns/[\w-]+/status" method="GET">
		<routingURL>http://127.0.0.1:8006</routingURL>
		<consumer>CSP</consumer>
		<target>GetCRNStatus</target>
		<operationName>GetCRNStatus_01</operationName>
	</config>
	<!--POST - /customers/electronicverification/verifications/electronic -->
	<config serviceURI="^/customers/electronicverification/verifications/electronic" method="POST">
		<routingURL>http://127.0.0.1:8006</routingURL>
		<consumer>CSP</consumer>
		<target>CreateEV</target>
		<operationName>CreateEV</operationName>
	</config>
	<!--GET - /customers/electronicverification/verifications/electronic/{verification ID} -->
	<config serviceURI="^/customers/electronicverification/verifications/electronic/[\w-]+" method="GET">
		<routingURL>http://127.0.0.1:8006</routingURL>
		<consumer>CSP</consumer>
		<target>RetrieveEV</target>
		<operationName>RetrieveEV</operationName>
	</config>
</configs>