<?xml version="1.0" encoding="UTF-8"?>
<configs processForContextRoot="false">
	<!--New Payment Platform Phase 1-->
        <!--PUT /account-aliases/{aliasId} -->
	<config serviceURI="^/account-aliases/[\w-]" method="PUT">
		<routingURL>http://127.0.0.1:8006</routingURL>
		<consumer>CDMS</consumer>
		<target>AliasManagement</target>
		<operationName>AliasMgmt</operationName>
	</config>
        <!--GET /account-aliases/{aliasId} -->
	<config serviceURI="^/account-aliases/[\w-]" method="GET">
		<routingURL>http://127.0.0.1:8006</routingURL>
		<consumer>CDMS</consumer>
		<target>AliasManagement</target>
		<operationName>AliasMgmt</operationName>
	</config>

                    <!--GET /account-aliases?alias=[alias]&type=[type]&shortName=[shortName] -->

                    <config serviceURI="^/account-aliases?[\w-]" method="GET">
                                         <routingURL>http://127.0.0.1:8006</routingURL>
                                         <consumer>CDMS</consumer>
                                         <target>AliasManagement</target>
                                         <operationName>AliasMgmt</operationName>
                    </config>


        <!--POST /query/account-aliases-contact-points -->
	<config serviceURI="^/query/account-aliases-contact-points" method="POST">
		<routingURL>http://127.0.0.1:8006</routingURL>
		<consumer>CDMS</consumer>
		<target>AliasManagement</target>
		<operationName>AliasMgmt</operationName>
	</config>
        <!--POST /query/accounts -->
	<config serviceURI="^/query/accounts" method="POST">
		<routingURL>http://127.0.0.1:8006</routingURL>
		<consumer>CDMS</consumer>
		<target>AliasManagement</target>
		<operationName>AliasMgmt</operationName>
	</config>
</configs>

