<?xml version="1.0" encoding="UTF-8"?>
<configs processForContextRoot="false">

	<!-- POST - /person/{personId}/credential/pin/reset-->
	<config serviceURI="^/person/[\w-]+/credential/pin/reset$" method="POST">
		<routingURL>http://127.0.0.1:8006</routingURL>
		<consumer>FRGRKIDM</consumer>
		<target>resetPin</target>
		<operationName>resetPin</operationName>
	</config>
	
	<!-- POST - /person/{personId}/credential/pin/reset-->
	<config serviceURI="^/person/{personId}/credential/password/reset$" method="POST">
		<routingURL>http://127.0.0.1:8006</routingURL>
		<consumer>FRGRKIDM</consumer>
		<target>resetPassword</target>
		<operationName>resetPassword</operationName>
	</config>
	
	<!-- POST
		/person/{personId}/credential/pin
		/person/{personId}/credential/pin/change
        /person/{personId}/credential/password
		/person/{personId}/identifier
	-->
	
	<config serviceURI="^/person/[\w-]+/[\w-]+" method="POST">
		<routingURL>http://127.0.0.1:8006</routingURL>
		<consumer>FRGRKIDM</consumer>
		<target>createUserCredential</target>
		<operationName>createUserCredential</operationName>
	</config>
	<!-- POST
		/person/{personId}/credential/password
	
	<config serviceURI="^/person/[\w-]+/credential/password" method="POST">
		<routingURL>http://127.0.0.1:8006</routingURL>
		<consumer>FRGRKIDM</consumer>
		<target>createUserCredential</target>
		<operationName>createUserCredential</operationName>
	</config> -->
	
	
	<!-- PUT - /person/{personId}/credential/password/change -->	
	<config serviceURI="^/person/[\w-]+/credential/password/change$" method="PUT">
		<routingURL>http://127.0.0.1:8006</routingURL>
		<consumer>FRGRKIDM</consumer>
		<target>updateCredential</target>
		<operationName>updateCredential</operationName>
	</config>
	
	<!-- PUT -  /person/{personId}/device/{deviceId} -->
	<config serviceURI="^/person/[\w-]+/device/[\w-]+" method="PUT">
		<routingURL>http://127.0.0.1:8006</routingURL>
		<consumer>FRGRKIDM</consumer>
		<target>updateDeviceRegistry</target>
		<operationName>updateDeviceRegistry</operationName>
	</config>
	
	<!-- PUT - /person/{personId}/identifier/{identifierId}
				   /person/{personId}-->
	<config serviceURI="^/person/[\w-]+" method="PUT">
		<routingURL>http://127.0.0.1:8006</routingURL>
		<consumer>FRGRKIDM</consumer>
		<target>updateIdentity</target>
		<operationName>updateIdentity</operationName>
	</config>
	
	<!-- GET - /person-->
	<config serviceURI="^/person\?[\w-]+" method="GET">
		<routingURL>http://127.0.0.1:8006</routingURL>
		<consumer>FRGRKIDM</consumer>
		<target>retrievePersonDetails</target>
		<operationName>retrievePersonDetails</operationName>
	</config>	
	
	<!-- GET - /person/{personId}?expand=all  -->
	<config serviceURI="^/person/[\w-]+\?[\w-]+" method="GET">
		<routingURL>http://127.0.0.1:8006</routingURL>
		<consumer>FRGRKIDM</consumer>
		<target>retrieveIdentity</target>
		<operationName>retrieveIdentity</operationName>
	</config>

	<!-- GET - /person/{personId} -->
	<config serviceURI="^/person/[\w-]+$" method="GET">
		<routingURL>http://127.0.0.1:8006</routingURL>
		<consumer>FRGRKIDM</consumer>
		<target>retrieveIdentity</target>
		<operationName>retrieveIdentity</operationName>
	</config>	

	
	<!-- GET - /person/{personId}/device-->
	<config serviceURI="^/person/[\w-]+/device$" method="GET">
		<routingURL>http://127.0.0.1:8006</routingURL>
		<consumer>FRGRKIDM</consumer>
		<target>retrieveDeviceDetails</target>
		<operationName>retrieveDeviceDetails</operationName>
	</config>
	
	<!-- POST - /person/{personId}/restore-->
	<config serviceURI="^/person/[\w-]+/restore$" method="POST">
		<routingURL>http://127.0.0.1:8006</routingURL>
		<consumer>FRGRKIDM</consumer>
		<target>restorePerson</target>
		<operationName>restorePerson</operationName>
	</config>
	
	<!-- POST - /person/{personId}/suspend-->
	<config serviceURI="^/person/[\w-]+/suspend$" method="POST">
		<routingURL>http://127.0.0.1:8006</routingURL>
		<consumer>FRGRKIDM</consumer>
		<target>suspendPerson</target>
		<operationName>suspendPerson</operationName>
	</config>
		

</configs>