<?xml version="1.0" encoding="UTF-8"?>
<configs processForContextRoot="false">
	<!--New Payment Platform Phase 1-->
	<!--POST /query/account-aliases-contact-points -->
	<config serviceURI="^/query/account-aliases-contact-points" method="POST">
		<routingURL>http://127.0.0.1:8006</routingURL>
		<consumer>CDMS</consumer>
		<target>AliasManagement</target>
		<operationName>AliasMgmt</operationName>
	</config>
	<!--POST /query/accounts -->
	<config serviceURI="^/query/accounts" method="POST">
		<routingURL>http://127.0.0.1:8006</routingURL>
		<consumer>CDMS</consumer>
		<target>AliasManagement</target>
		<operationName>AliasMgmt</operationName>
	</config>
	<!--POSt /query/party -->
	<config serviceURI="^/query/party" method="POST">
		<routingURL>http://127.0.0.1:8006</routingURL>
		<consumer>CDMS</consumer>
		<target>AddQueryParty</target>
		<operationName>AddQueryParty_01</operationName>
	</config>
</configs>
