<?xml version="1.0" encoding="UTF-8"?>
<configs processForContextRoot="false">
	<!--POST - /token/oidc/authorize -->
	<config serviceURI="^/token/oidc/authorize" method="POST">
		<routingURL>http://127.0.0.1:8006</routingURL>
		<consumer>CSP</consumer>
		<target>generateSTI</target>
		<operationName>generateSTI</operationName>
	</config>
	<!--POST - /token/exchange/{type} -->
	<config serviceURI="^/token/exchange/[\w-]+" method="POST">
		<routingURL>http://127.0.0.1:8006</routingURL>
		<consumer>FRGRKIDM</consumer>
		<target>manageToken</target>
		<operationName>manageToken</operationName>
	</config>
</configs>