<?xml version="1.0" encoding="UTF-8"?>
<configs processForContextRoot="false">
	<!-- Energy Project
        https://10.54.117.25:7444/siola/si-applications 
        https://10.54.117.25:7444/siola/si-applications/{applicationId}
        https://10.54.117.25:7444/siola/refdata-->

	<!--POST /siola-->
	<config serviceURI="^/siola/si-applications" method="POST">
		<routingURL>http://127.0.0.1:8410</routingURL>
		<consumer>CSPBFF</consumer>
		<target>SIOLAApplications</target>
		<operationName>SIOLAApplications</operationName>
	</config>
	<!--PUT /customers/{id} -->
	<config serviceURI="^/siola/si-applications/[\w-]" method="PUT">
		<routingURL>http://127.0.0.1:8410</routingURL>
		<consumer>CSPBFF</consumer>
		<target>SIOLAApplications</target>
		<operationName>SIOLAApplications</operationName>
	</config>
        <!--POST /siola/ref-data -->
	<config serviceURI="^/siola/ref-data" method="POST">
		<routingURL>http://127.0.0.1:8410</routingURL>
		<consumer>CSPBFF</consumer>
		<target>SIOLARefdata</target>
		<operationName>SIOLARefdata</operationName>
	</config>
</configs>