<logConfig>
	<!-- ALL/NONE/FRONT/BACK -->
	<log-enabled value="ALL"/>
	<!-- Y/N -->
	<detail-log-enabled value="Y"/>
	<masking isMaskRequire="Y">
		<logpoint id="ECOM_SH_XML2JSON_req">
			<maskPattern attribute="detail" startPosition="15" numOfStartChars="6" endPosition="27" numOfEndChars="3">(AccountNumber>[0-9]+)</maskPattern>
		</logpoint>
		<logpoint id="service_res">
			<maskPattern attribute="detail" startPosition="15" numOfStartChars="6" endPosition="27" numOfEndChars="3">(AccountNumber>[0-9]+)</maskPattern>
		</logpoint>
	</masking>
</logConfig>
