<logConfig>
	<!-- ALL/NONE/FRONT/BACK-->
	<log-enabled value="ALL"/>
	<!-- Y/N -->
	<detail-log-enabled value="Y"/>
    <masking isMaskRequire="Y">
		<logpoint id="ECOM_ARDIGITALCHNLSH_req" service="Fusion">
			<maskPattern attribute="detail" startPosition="15" numOfChars="6">(AccountNumber>[0-9]+)</maskPattern>
		</logpoint>
		<logpoint id="error_req" service="Fusion">
			<maskPattern attribute="detail" startPosition="15" numOfChars="6">(AccountNumber>[0-9]+)</maskPattern>
		</logpoint>
		<logpoint id="error_res" service="Fusion"></logpoint>
	</masking>
</logConfig>
