<logConfig>
	<!-- ALL/NONE/FRONT/BACK-->
	<log-enabled value="ALL"/>
	<!-- Y/N -->
	<detail-log-enabled value="Y"/>
	<masking isMaskRequire="Y">
		<logpoint id="ECOM_SH_XML2JSON_req">
			<maskPattern attribute="detail" startPosition="15" numOfStartChars="6" endPosition="27" numOfEndChars="3">(AccountNumber>[0-9]+)</maskPattern>
			<maskPattern attribute="detail" startPosition="13" numOfStartChars="6">(Credentials>[0-9]+)</maskPattern>

			<!--<maskPattern attribute="detail" startPosition="15" numOfChars="6">(AccountNumber>[0-9]+)</maskPattern> 
	                   <maskPattern attribute="detail" startPosition="27" numOfChars="3">(AccountNumber>[0-9]+)</maskPattern>      -->
		</logpoint>
	</masking>
</logConfig>

