<logConfig>
	<!-- ALL/NONE/FRONT/BACK -->
	<log-enabled value="ALL"/>
	<!-- Y/N -->
	<detail-log-enabled value="Y"/>
	<masking isMaskRequire="Y">
		<logpoint id="ECOM_ARDIGITALCHNLSH_req" service="Fusion">
			<maskPattern attribute="detail" startPosition="9">(OTPCode>[0-9]+)</maskPattern>
			<maskPattern attribute="detail" startPosition="15">(encryptedData>[^\s]+)</maskPattern>
		</logpoint>
		<logpoint id="error_req" service="Fusion">
			<maskPattern attribute="detail" startPosition="9">(OTPCode>[0-9]+)</maskPattern>
			<maskPattern attribute="detail" startPosition="15">(encryptedData>[^\s]+)</maskPattern>
		</logpoint>
		<logpoint id="error_res" service="Fusion"></logpoint>
	</masking>
</logConfig>

