<logConfig>
	<!-- ALL/NONE/FRONT/BACK -->
	<log-enabled value="ALL"/>
	<!-- Y/N -->
	<detail-log-enabled value="Y"/>
	<masking isMaskRequire="Y">
	<logpoint id="input_req" service="Fusion">
			<maskPattern attribute="detail" startPosition="15">(encryptedData>[^\s]+&lt;\DencryptedData>)</maskPattern>
		</logpoint>
		<logpoint id="VISA_req" service="Fusion">
			<maskPattern attribute="detail" startPosition="15">(encryptedData>[^\s]+&lt;\DencryptedData>)</maskPattern>
		</logpoint>
		<logpoint id="error_req" service="Fusion">
			<maskPattern attribute="detail" startPosition="15">(encryptedData>[^\s]+&lt;\DencryptedData>)</maskPattern>
		</logpoint>
		<logpoint id="error_res" service="Fusion"></logpoint>
	</masking>
</logConfig>
