<GreenID version="01">
	<gatewaypattern name="B2BHttpGateway" version="01">
		<ssl-proxy name="External_SSLProxyProfile_GreenID"/>
		<ProviderDetails>GreenID</ProviderDetails>
		<ServiceSpecificRequestXSL>local:/ondisk/services/B2BGateway/GreenID/CT_EtradeOLA_PartyCredVrfctnInq_Req.xsl</ServiceSpecificRequestXSL>
	</gatewaypattern>
	<Provider name="GreenID">
		<Route>
			<Routing-url>https://verify.globaldatacompany.com/Verification.svc</Routing-url>
		</Route>
	</Provider>
</GreenID>