<?xml version="1.0" encoding="UTF-8"?>
<businessEvent name="CreateApplicationBasket" version="01" type="RequestReply" enabled="true" conditionalRouting="false">
	<LogRule>Common_Log_Rule02</LogRule>
	<sourceConfig>
		<request>
			<actions/>
			<scTransform/>
		</request>
		<response>
			<actions>
				<action name="HTTP-RSHEADER-HANDLER">
					<header name="Content-Type" value="text/xml"/>
				</action>
			</actions>
			<csTransform/>
		</response>
		<errorConfig>
			<errorHandler stylesheet="local://ondisk/services/SSI/configuration/SOLA/ErrorHandler.xsl">
				<params>
					<errElementName/>
				</params>
			</errorHandler>
		</errorConfig>
	</sourceConfig>
	<targetConfig name="SOLACSP">
		<request>
			<actions/>
			<ctTransform>SOLA/CSPCreateApplicationBasket_1.0/CreateApplnBasketRq.xsl</ctTransform>
			<endpointConfig>
				<uri type="dyn"/>
				<uri-pattern>
                                        <static>/api</static>
					<dynamic>/CSPCreateApplnBasket/PayloadRq/Uri</dynamic>
				</uri-pattern>
				<targetSystem>SOLACSP</targetSystem>
				<timeout>17</timeout>
			</endpointConfig>
		</request>
		<response>
			<actions>
				<action type="custom">local://ondisk/services/SSI/transform/SOLA/CSPCreateApplicationBasket_1.0/CreateApplnBasketRs.xsl</action>
			</actions>
			<tcTransform/>
		</response>
	</targetConfig>
	<logConfig>
		<operationName>SolaCspCreateApplnBasket</operationName>
	</logConfig>
</businessEvent>