<?xml version="1.0" encoding="UTF-8"?>
<configs>
	<config serviceURI="/api/es/cases" method="POST" provider="CSP_BFF">
		<operationName>CreateCase</operationName>
		<httpProxyUrl env="sit">http://127.0.0.1:20081</httpProxyUrl>
		<timeout>9</timeout>
	</config>
	<config serviceURI="/api/es/anzsic-codes" method="GET" provider="CSP_BFF">
		<operationName>GetReferenceCodes</operationName>
		<httpProxyUrl env="sit">http://127.0.0.1:20081</httpProxyUrl>
		<timeout>9</timeout>
	</config>
	<config serviceURI="/api/es/verifications/addresses/canonical_address/[\w]+" method="GET" provider="CSP_BFF">
		<operationName>GetCanonicalAddress</operationName>
		<httpProxyUrl env="sit">http://127.0.0.1:20081</httpProxyUrl>
		<timeout>9</timeout>
	</config>
	<config serviceURI="/api/es/verifications/addresses" method="GET" provider="CSP_BFF">
		<operationName>GetAddress</operationName>
		<httpProxyUrl env="sit">http://127.0.0.1:20081</httpProxyUrl>
		<timeout>9</timeout>
	</config>
	<config serviceURI="/api/es/features/[\w]+" method="GET" provider="CSP_BFF">
		<operationName>GetToggleFeature</operationName>
		<httpProxyUrl env="sit">http://127.0.0.1:20081</httpProxyUrl>
		<timeout>9</timeout>
	</config>
	<config serviceURI="/api/es/reference/properties/[\w]+" method="GET" provider="CSP_BFF">
		<operationName>GetReferenceDataByCode</operationName>
		<httpProxyUrl env="sit">http://127.0.0.1:20081</httpProxyUrl>
		<timeout>9</timeout>
	</config>
	<config serviceURI="/api/originationservice/applications" method="POST" provider="CSP_SIOLA">
		<operationName>CSPApplication</operationName>
		<httpProxyUrl env="sit">http://127.0.0.1:20081</httpProxyUrl>
		<timeout>25</timeout>
	</config>
	<config serviceURI="/api/electronicverification/verifications/addresses" method="GET" provider="CSP_SIOLA">
		<operationName>CSPRetrieveAddress</operationName>
		<httpProxyUrl env="sit">http://127.0.0.1:20081</httpProxyUrl>
		<timeout>25</timeout>
	</config>
	<config serviceURI="/api/productservice/products?[\w]+" method="GET" provider="CSP_SIOLA">
		<operationName>RetrieveProductCollection</operationName>
		<httpProxyUrl env="sit">http://127.0.0.1:20081</httpProxyUrl>
		<timeout>25</timeout>
	</config>
	<config serviceURI="/api/siola/ref-data" method="POST" provider="BFF_SIOLA">
		<operationName>CreateRefData</operationName>
		<httpProxyUrl env="sit">http://127.0.0.1:20081</httpProxyUrl>
		<timeout>25</timeout>
	</config>
	<config serviceURI="/api/siola/si-applications" method="POST" provider="BFF_SIOLA">
		<operationName>CreateApplication</operationName>
		<httpProxyUrl env="sit">http://127.0.0.1:20081</httpProxyUrl>
		<timeout>110</timeout>
	</config>
	<config serviceURI="/api/needsanalysis/assessments" method="POST" provider="CSP_BOX">
		<operationName>createAssessment</operationName>
		<httpProxyUrl env="sit">http://127.0.0.1:20081</httpProxyUrl>
		<timeout>17</timeout>
	</config>
	<config serviceURI="/api/needsanalysis/assessments/[\w]+" method="PUT" provider="CSP_BOX">
		<operationName>updateAssessment</operationName>
		<httpProxyUrl env="sit">http://127.0.0.1:20081</httpProxyUrl>
		<timeout>17</timeout>
	</config>
	<config serviceURI="/olacore/product-recommendations" method="POST" provider="CSP_BOX">
		<operationName>createRecommendations</operationName>
		<httpProxyUrl env="sit">http://127.0.0.1:20081</httpProxyUrl>
		<timeout>17</timeout>
	</config>
	<config serviceURI="/olacore/package-fulfilment/[\w]+" method="POST" provider="CSP_BOX">
		<operationName>createFulfilment</operationName>
		<httpProxyUrl env="sit">http://127.0.0.1:20081</httpProxyUrl>
		<timeout>17</timeout>
	</config>
	<!--START Generate STI in ANZ ID 2.2 project-->
	<config serviceURI="/oidc/authorize" method="POST" provider="CSP-STI">
		<operationName>generateSTI</operationName>
		<httpProxyUrl env="dev">http://127.0.0.1:20081</httpProxyUrl>
		<httpProxyUrl env="st">http://127.0.0.1:20081</httpProxyUrl>
		<httpProxyUrl env="sit">http://127.0.0.1:20081</httpProxyUrl>
		<timeout>10</timeout>
	</config>
	<!--END Generate STI in ANZ ID 2.2 project-->
	<!-- project energy changes-->
	<config serviceURI="/api/referenceservice/reference/properties/[\w]+" method="GET" provider="CSP_SIOLA">
		<operationName>GetRefDataProperty01</operationName>
		<httpProxyUrl env="sit">http://127.0.0.1:20081</httpProxyUrl>
		<timeout>30</timeout>
	</config>
	<config serviceURI="/api/customerservicev2/customers/[\w]+/crns" method="GET" provider="CSP_SIOLA">
		<operationName>GetCustomerCRN01</operationName>
		<httpProxyUrl env="sit">http://127.0.0.1:20081</httpProxyUrl>
		<timeout>30</timeout>
	</config>
	<config serviceURI="/api/customerservicev2/customers/query" method="POST" provider="CSP_SIOLA">
		<operationName>SearchCustomer01</operationName>
		<httpProxyUrl env="sit">http://127.0.0.1:20081</httpProxyUrl>
		<timeout>30</timeout>
	</config>
	<config serviceURI="/api/customerservicev2/customers/[\w]+/crns/query" method="POST" provider="CSP_SIOLA">
		<operationName>SearchCustomerCRN01</operationName>
		<httpProxyUrl env="sit">http://127.0.0.1:20081</httpProxyUrl>
		<timeout>30</timeout>
	</config>
<config serviceURI="/api/customerservicev2/customers/[\w]+" method="GET" provider="CSP_SIOLA">
		<operationName>GetCustomer01</operationName>
		<httpProxyUrl env="sit">http://127.0.0.1:20081</httpProxyUrl>
		<timeout>30</timeout>
	</config>
	<config serviceURI="/api/customerservicev2/customers" method="GET" provider="CSP_SIOLA">
		<operationName>GetCustomerByCRN01</operationName>
		<httpProxyUrl env="sit">http://127.0.0.1:20081</httpProxyUrl>
		<timeout>30</timeout>
	</config>
	<!-- energy changes end-->
</configs>

