<?xml version="1.0" encoding="UTF-8"?>
<businessEvent name="postAliasManagement" version="01" type="RequestReply" enabled="true" conditionalRouting="false">
	<!--
	Actions:
		The actions would apply the properties as defined in it.
	AVAILABLE ACTIONS:
		AAA : Performs authorisation on the specified AD Group
		HTTP-RSHEADER-HANDLER : HTTP Response Header Handler, sets the header values as specified in the parameter <header>
	 	MQ-RQHEADER-HANDLER: MQ Request Header Handler		
	 -->
	<LogRule>Common_Log_Rule02</LogRule>
	<sourceConfig>
		<request>
			<actions>
				<action name="AAA" enabled="Y">AU RetailSH BS AliasManagement</action>
			</actions>
		</request>
		<response>
			<actions>
                        </actions>
			<csTransform>CDMS/AliasManagement_1.0/TC_Response.xsl</csTransform>
		</response>
		<!--
			errorConfig section specifies the stylesheet to executed in case of an error. 
			Its provides option specifies the params to error stylesheet.
	 	 -->
		<errorConfig>
			<errorHandler stylesheet="local://ondisk/services/SSI/configuration/CDMS/AliasManagement_1.0/POST/ErrorHandler.xsl">
				<params>
					<errContentType>application/json</errContentType>
					<errElementName/>
				</params>
			</errorHandler>
		</errorConfig>
	</sourceConfig>
	<targetConfig name="CSP-CDMS">
		<request>
			<ctTransform>CDMS/AliasManagement_1.0/CSPHeader.xsl</ctTransform>
			<actions>
				
			</actions>
			<endpointConfig>
				<uri type="uri-in"/>
				<targetSystem>CSPCDMS</targetSystem>
				<timeout>9</timeout>
			</endpointConfig>
		</request>
		<response>
			<tcTransform/>
		</response>
	</targetConfig>
	<logConfig>
		<operationName>post_AliasMgmt_01</operationName>
	</logConfig>
</businessEvent>