<businessEvent name="CreditDecisioning" version="V1" type="RequestReply" enabled="true" conditionalRouting="no">
	<sourceConfig>
		<ResRule>SSHTTPRqRplyOutward_Res_Rule_NULL</ResRule>
		<ContentType/>
		<request>
			<actions/>
			<scTransform/>
		</request>
		<response>
			<actions/>
			<csTransform/>
		</response>
		<errorConfig>
			<!--<errorHandler stylesheet="local:/ondisk/services/SSI/configuration/defaultErrorHandler01.xsl">

			</errorHandler>-->
		</errorConfig>
	</sourceConfig>
	<targetConfig name="DnB">
		<ReqRule>SSHTTPRqRplyOutward_Req_Rule_XML</ReqRule>
		<ContentType/>
		<request>
			<actions/>
			<ctTransform/>
			<endpointConfig>
				<uri type="uri-in"/>
				<targetSystem>DnB</targetSystem>
				<timeout>60</timeout>
			</endpointConfig>
		</request>
		<response>
			<actions/>
			<tcTransform/>
		</response>
	</targetConfig>
	<logConfig>
		<operationName>CreditDecisioning</operationName>
	</logConfig>
</businessEvent>