<?xml version="1.0" encoding="UTF-8"?>
<businessEvent name="uamTokens" version="01" type="RequestReply" enabled="true" conditionalRouting="false">
	<LogRule>Common_Log_Rule02</LogRule>
	<sourceConfig>
		<request>
			<actions>
				<action name="AAA" enabled="N">AU RetailSH BS InitiateEVReq</action>
				<action name="VALIDATE-HEADERS" enabled="true">
					<header name="ANZ-Application-ID" required="true"/>
					<header name="RequestID" required="true"/>
					<!--<header name="JWT-Token" required="true"/>-->
				</action>
			</actions>
			<scTransform/>
		</request>
		<response>
			<actions>
				<!--<action name="HTTP-RSHEADER-HANDLER">
					<header name="Content-Type" value="text/xml"/>
					<header name="requestId" value="/InitiateEVReq/PayloadRs/requestId" valueType="xpath"/>
				</action>-->
			</actions>
			<csTransform/>
		</response>
		<errorConfig>
			<errorHandler stylesheet="local://ondisk/services/SSI/configuration/api/uam_tokens/POST/ErrorHandler.xsl">
				<params>
					<errElementName/>
				</params>
			</errorHandler>
		</errorConfig>
	</sourceConfig>
	<targetConfig name="CSP">
		<request>
			<actions>
				<!--<action type="custom">local://ondisk/services/SSI/api/uam_tokens/validateHeaders.xsl</action>-->
				<action name="HTTP-RQHEADER-HANDLER">
					<method>POST</method>
					<header name="TerminalId" valueType="copy"/>
					<header name="ANZ-Application-ID" valueType="copy"/>
					<header name="RequestID" valueType="copy"/>
					<header name="Accept" valueType="copy"/>
					<header name="ANZ-Application-Version" valueType="copy"/>
					<header name="BranchId" valueType="copy"/>
					<header name="InitCompany" valueType="copy"/>
					<header name="OrigApp" valueType="copy"/>
					<header name="User-Agent" valueType="copy"/>
					<header name="Content-Type" value="application/json" valueType="set"/>
				</action>
				<!--<action name="validate-headers">
					<header name="ANZ-Application-ID" code="400" message="Bad Request"/>
					<header name="RequestID" code="400" message="Bad Request"/>
					<header name="JWT-Token" code="400" message="Bad Request"/>
				</action>-->
			</actions>
			<!--    <ctTransform>customer/initiate_v01/InitiateEVReqRq.xsl</ctTransform>   -->
			<endpointConfig>
				<uri type="uri-in"/>
				<uri type="dynXSL">local://ondisk/services/SSI/configuration/CSP/cspUriHandler.xsl</uri>
				<timeout>30</timeout>
			</endpointConfig>
		</request>
		<response>
			<actions>
				<!--<action type="custom">local://ondisk/services/SSI/configuration/api/uam_tokens/POST/uamTokensResponse.xsl</action>-->
			</actions>
			<tcTransform/>
		</response>
	</targetConfig>
	<logConfig>
		<operationName>uamTokens</operationName>
	</logConfig>
</businessEvent>