<B2BInwardAAA>
	<Authorize resource="SwiftOutAdd">
		<attribute-value name="member">CN=ANZGCISAPP, O=ANZ, L=Melborne, ST=VIC, C=AU</attribute-value>
	</Authorize>
	<Authorize resource="GetSwiftStatusAdvise">
		<attribute-value name="member">CN=ANZGCISAPP, O=ANZ, L=Melborne, ST=VIC, C=AU</attribute-value>
	</Authorize>
	<Authorize resource="AcctReg">
		<attribute-value name="member">CN=ANZGCISAPP, O=ANZ, L=Melborne, ST=VIC, C=AU</attribute-value>
	</Authorize>
	<Authorize resource="AcctBalTxnInq">
		<attribute-value name="member">CN=ANZGCISAPP, O=ANZ, L=Melborne, ST=VIC, C=AU</attribute-value>
	</Authorize>
	<Authorize resource="RtrvBalService">
		<attribute-value name="member">CN=ANZGCISAPP, O=ANZ, L=Melborne, ST=VIC, C=AU</attribute-value>
	</Authorize>
	<Authorize resource="RtrvCurDayTrnService">
		<attribute-value name="member">CN=ANZGCISAPP, O=ANZ, L=Melborne, ST=VIC, C=AU</attribute-value>
	</Authorize>
</B2BInwardAAA>
