<?xml version="1.0" encoding="UTF-8"?>
<gatewaypattern name="B2BInwardGateway" version="01">
	<operation name="SwiftOutAdd">
		<qManagerGroup>DatapowerGW_MQQueueManagerGroup</qManagerGroup>
		<putQueue>PMIT.BS.SWIFT.OUT.ADD101</putQueue>
		<getQueue>PWSDP.B2B.GCIS.B2BINWARDGATEWAY01.ACK</getQueue>
		<persistance>1</persistance>
		<expiry>-1</expiry>
		<timeout>29</timeout>
	</operation>
	<operation name="GetSwiftStatusAdvise">
		<routingURL>http://Loopback_GetSwiftStatusAdvise_LBG</routingURL>
		<timeout>29</timeout>
		<flowName>GetSwiftStatusAdvise_CIM_GCIS</flowName>
	</operation>
	<operation name="AcctReg">
		<qManagerGroup>DatapowerGW_MQQueueManagerGroup</qManagerGroup>
		<putQueue>PMIT.BS.AITB.GCI.ACCTREG1</putQueue>
		<getQueue>PWSDP.B2B.ACCTREG.RESPONSE</getQueue>
		<persistence>0</persistence>
		<expiry>12</expiry>
		<timeout>20</timeout>
	</operation>
	<operation name="AcctBalTxnInq">
		<qManagerGroup>DatapowerGW_MQQueueManagerGroup</qManagerGroup>
		<putQueue>PMIT.BS.AITB.GCI.ACCTBALTXNINQ1</putQueue>
		<getQueue>PWSDP.B2B.ACCTBALTXNINQ.RESPONSE</getQueue>
		<persistence>0</persistence>
		<expiry>12</expiry>
		<timeout>20</timeout>
	</operation>
	<operation name="RtrvBalService">
		<routingURL>https://anztransactivecis.apps.anz/cis/ubtr/RetrieveBalances</routingURL>
		<timeout>48</timeout>
		<flowName>RtrvBalService_CIS_GCIS</flowName>
		<sslProxy>Internal_SSLProxyProfile_CIS</sslProxy>
	</operation>
	<operation name="RtrvCurDayTrnService">
		<routingURL>https://anztransactivecis.apps.anz/cis/ubtr/RetrieveCurrentDayTransactions</routingURL>
		<timeout>48</timeout>
		<flowName>RtrvCurDayTrnService_CIS_GCIS</flowName>
		<sslProxy>Internal_SSLProxyProfile_CIS</sslProxy>
	</operation>
	<errorHandler>local:///ondisk/services/B2BInwardGateway/GCIS/errorStylesheet.xsl</errorHandler>
</gatewaypattern>
