<businessEvent name="IressWs" version="V1" type="RequestReply" enabled="true" conditionalRouting="no">
	<!--
	Actions:
		The actions would apply the properties as defined in it.
	AVAILABLE ACTIONS:
		
		STRIP-SOAP : Strips the SOAP Envelope
		SCHEMA-VALIDATE : Validates message against the specified schema
		ADD-SOAP : Adds the SOAP Envelope
		HTTP-RQHEADER-HANDLER : HTTP Request Header Handler, sets the header values as specified in the parameter <header>
		HTTP-RSHEADER-HANDLER : HTTP Response Header Handler, sets the header values as specified in the parameter <header>
	 	MQ-RQHEADER-HANDLER: MQ Request Header Handler
	 	
	 The system allows to define custom actions which to specify the complete style sheet path to be executed
		Ex: <action name="SetContext" type="custom">local://ondisk/services/SSXmltoXml/01/custom/TrdngAcctAdd_SetContext.xsl</action>
		
	 -->
	<!--
	 	consumerConfig section defines 
	 		- actions to be applied on the request message received from consumer
	 		- actions to be applied on the response message sent to consumer
	 		- transform to be applied on the request message received from consumer
	 		- transform to be applied on the response message sent to consumer
	 		- Optional extender, which might require to be executed before the message being sent back to consumer.
	 		   
	 -->
	<sourceConfig>
		<!--<ResRule>SSPHTTPRqRplyOutward01_JSON_Res_Rule</ResRule>-->
		<ResRule>SSHTTPRqRplyOutAppProxy01_Res_Rule_NONXML</ResRule>
		<ContentType>XML</ContentType>
		<request>
			<actions/>
			<scTransform/>
			<!--<sourceNamespace>http://www.anz.com/integration/australia-rcw/emailcommunication0101/v01.01</sourceNamespace>
			<respElementName>EmailCommunicationResponse</respElementName>-->
		</request>
		<response>
			<actions/>
			<csTransform/>
		</response>
		<!--
			errorConfig section specifies the stylesheet to executed in case of an error. 
			Its provides option specifies the params to error stylesheet.
	 	 -->
		<errorConfig>
			<errorHandler stylesheet="local:/ondisk/services/SSI/configuration/defaultErrorHandler01.xsl">
				<params>
					<errElementName>IressWsResponse</errElementName>
					<errNamespace/>
				</params>
			</errorHandler>
		</errorConfig>
	</sourceConfig>
	<!--
		targetConfig section defines
			- actions to be applied on the request message sent to provider
	 		- actions to be applied on the response message received from provider
	 		- transform to be applied on the request message sent to provider
	 		- transform to be applied on the response message received from provider
	 		- provider endpoint configuration 
	 		- Optional extender, which might require to be executed before the message being sent to provider.
	-->
	<targetConfig name="IRESS">
		<!--<ReqRule>SSPHTTPRqRplyOutward01_POSTPUT_JSON_Req_Rule</ReqRule>-->
        <ReqRule>SSHTTPRqRplyOutAppProxy01_Req_Rule_XML</ReqRule>
		<ContentType>XML</ContentType>
		<request>
			<actions>
				<!--<action name="HTTP-RQHEADER-HANDLER">
					-->
				<!--<header name="Content-Type" valueType="copy"/>
					<header name="Accept" valueType="copy"/>
					<header name="User-Agent" valueType="copy"/>-->
				<!--
				</action>-->
                                <action name="custom" type="custom">local://ondisk/services/SSI/transform/IRESS/IressWs_V1/IRESS_Request_Process.xsl</action> 
			</actions>
                        <ctTransform/>
                        <encryptedfile>local://ondisk/common/security/Credentials_AURETAIL_SSHTTPRqRplyOutAppProxy01_IRESS.xml</encryptedfile>  
			<endpointConfig>
			        <uri>/IRESS/IressWs/V1</uri>
				<targetSystem>IRESS</targetSystem>
				<timeout>50</timeout>
			</endpointConfig>
		</request>
		<response>
			<actions/>
			<tcTransform/>
		</response>
	</targetConfig>
	<logConfig>
		<operationName>IressWs</operationName>
                <msgID>/*[local-name()='Envelope']/*[local-name()='Body']/*/*[local-name()='Input']/*[local-name()='Header']/*[local-name()='RequestID']</msgID>
	</logConfig>
</businessEvent>