<?xml version="1.0" encoding="UTF-8"?>
<businessEvent name="UpdateDocumentStatus" version="01" type="RequestReply" enabled="true" conditionalRouting="false">
	<LogRule>Common_Log_Rule02</LogRule>
	<sourceConfig>
		<request>
			<actions/>
			<scTransform/>
		</request>
		<response>
			<actions>
				<action name="HTTP-RSHEADER-HANDLER">
					<header name="Content-Type" value="text/xml"/>
				</action>
			</actions>
			<csTransform/>
		</response>
		<errorConfig>
			<errorHandler stylesheet="local://ondisk/services/SSI/configuration/TPD/ErrorHandler.xsl">
				<params>
					<errElementName/>
				</params>
			</errorHandler>
		</errorConfig>
	</sourceConfig>
	<targetConfig name="DocVault">
		<request>
			<actions>
                        <action type="custom">local://ondisk/services/SSI/transform/TPD/DocVaultUpdateDocStatus_1.0/CreateTPDCoreToken.xsl</action>
                        </actions>
			<ctTransform/>
			<endpointConfig>
				<uri type="uri-in"/>
				<targetSystem>DocVault</targetSystem>
				<timeout>80</timeout>
			</endpointConfig>
		</request>
		<response>
			<actions/>
			<tcTransform/>
		</response>
	</targetConfig>
	<logConfig>
		<operationName>TpdUpdateDocStatus</operationName>
	</logConfig>
</businessEvent>