<?xml version="1.0" encoding="UTF-8"?>
<businessEvent name="EDPCSPCSPRefDataByKey" version="01" type="RequestReply" enabled="true" conditionalRouting="false">
	<LogRule>Common_Log_Rule02</LogRule>
	<sourceConfig>
		<request>
			<actions>		
			</actions>
			<scTransform/>
		</request>
		<response>
			<actions>				
			</actions>
			<csTransform/>
		</response>
		<errorConfig>
			<errorHandler stylesheet="local://ondisk/services/SSI/configuration/EDPCSP/CSPRetrieveRefDataByKey_1.0/POST/ErrorHandler.xsl">
				<params>
					<errContentType>application/xml</errContentType>
				</params>
			</errorHandler>
		</errorConfig>
	</sourceConfig>
	<targetConfig name="EDPCSP">
		<request>
			<actions>
				<!--<action type="custom">store:///jsonx2json.xsl</action>-->
				<action type="custom">local:/ondisk/services/SSI/transform/EDPCSP/CSPRetrieveRefDataByKey_1.0/POST/RetrieveCustByRefId_Req.xsl</action>
			</actions>
			<ctTransform/>
			<endpointConfig>
				<EDPCSPCSPUri>/api/referenceservice</EDPCSPCSPUri>
				<uri type="uri-in"/>
				<targetSystem>EDPCSP</targetSystem>
				<timeout>80</timeout>
			</endpointConfig>
		</request>
		<response>
			<tcTransform>EDPCSP/CSPRetrieveRefDataByKey_1.0/POST/RetrieveCustByRefId_Rs.xsl</tcTransform>
		</response>
	</targetConfig>
	<logConfig>
		<operationName>RetrieveReferenceProperties</operationName>
	</logConfig>
</businessEvent>
