<?xml version="1.0" encoding="UTF-8"?>
<businessEvent name="RetrieveEVByRefId" version="01" type="RequestReply" enabled="true" conditionalRouting="false">
	<LogRule>Common_Log_Rule02</LogRule>
	<sourceConfig>
		<request>
			<actions>
				<action name="AAA" enabled="N">Rg_Svc AU RetailSH BS EV - RetrieveByRefId</action>
			</actions>
			<scTransform/>
		</request>
		<response>
			<actions>
				<action name="HTTP-RSHEADER-HANDLER">
					<header name="Content-Type" value="text/xml"/>
					<header name="requestId" value="/RetrieveEVByRefId/PayloadRs/requestId" valueType="xpath"/>
				</action>
			</actions>
			<csTransform/>
		</response>
		<errorConfig>
			<errorHandler stylesheet="local://ondisk/services/SSI/configuration/customer/ErrorHandler.xsl">
				<params>
					<errElementName/>
				</params>
			</errorHandler>
		</errorConfig>
	</sourceConfig>
	<targetConfig name="CSP">
		<request>
			<actions>
				<!--	<action type="custom">local://ondisk/services/SSI/customer/evrecord_v01/RetrieveEVByRefIdRq.xsl</action> -->
				<action name="HTTP-RQHEADER-HANDLER">
					<method>GET</method>
					<header name="ANZ-Application-ID " value="/RetrieveEVByRefId/PayloadRq/ANZ-Application-ID" valueType="xpath"/>
					<header name="ANZ-Application-Version " value="/RetrieveEVByRefId/PayloadRq/ANZ-Application-Version" valueType="xpath"/>
					<header name="requestId " value="/RetrieveEVByRefId/PayloadRq/requestId" valueType="xpath"/>
					<header name="branchId " value="/RetrieveEVByRefId/PayloadRq/branchId" valueType="xpath"/>
					<header name="terminalId " value="/RetrieveEVByRefId/PayloadRq/terminalId" valueType="xpath"/>
					<header name="origApp " value="/RetrieveEVByRefId/PayloadRq/origApp" valueType="xpath"/>
					<header name="initCompany " value="/RetrieveEVByRefId/PayloadRq/initCompany" valueType="xpath"/>
					<header name="Origin" value="/RetrieveEVByRefId/PayloadRq/Origin" valueType="xpath"/>
					<header name="JWT-Token" value="/RetrieveEVByRefId/PayloadRq/Auth" valueType="xpath"/>
					<header name="User-Agent" value="/RetrieveEVByRefId/PayloadRq/User-Agent" valueType="xpath"/>
					 <header name="Accept" value="application/vnd.csp-anz.com+json;version=1.0" valueType="set"/>
					<header name="Content-Type" value="application/json" valueType="set"/> 
				</action>
			</actions>
			<ctTransform>customer/evrecord_v01/RetrieveEVByRefIdRq.xsl</ctTransform>
			<endpointConfig>
				<uri type="dyn"/>
				<uri-pattern>
					<static>/api/electronicverification/verifications/electronic/</static>
					<dynamic>RetrieveEVByRefId/PayloadRq/referenceId</dynamic>
				</uri-pattern>
				<targetSystem>CSP</targetSystem>
				<timeout>90</timeout>
			</endpointConfig>
		</request>
		<response>
			<actions>
				<action type="custom">local://ondisk/services/SSI/transform/customer/evrecord_v01/RetrieveEVByRefIdRs.xsl</action>
			</actions>
			<tcTransform/>
		</response>
	</targetConfig>
	<logConfig>
		<operationName>RetrieveEVByRefId01</operationName>
	</logConfig>
</businessEvent>