<gatewaypattern name="B2BMqGateway02" version="01">
	<common>
		<transformation>
			<requestxsl>local:///ondisk/services/B2BMqGateway02/01/FICO/SndSMSToFICO_Request_Process.xsl</requestxsl>
			<responsexsl>local:///ondisk/services/B2BMqGateway02/01/FICO/SndSMSToFICO_Response_Process.xsl</responsexsl>
		</transformation>
		<call-processing-rules>
			<requestrule>B2BMqGateway02_Req_Rule</requestrule>
			<responserule>B2BMqGateway02_Res_Rule</responserule>
			<errorrule>B2BMqGateway02_Error_Rule</errorrule>
		</call-processing-rules>
		<logging>
			<providerRqLogEnable>N</providerRqLogEnable>
			<providerRqLogDetailEnable>N</providerRqLogDetailEnable>
			<providerResLogEnable>N</providerResLogEnable>
			<providerResLogDetailEnable>N</providerResLogDetailEnable>
			<errorLogEnable>N</errorLogEnable>
			<errorLogDetailEnable>N</errorLogDetailEnable>
		</logging>
		<routing-url targetsys="FICO">https://prod.adeptra.com/fico/anzAURtaCEM</routing-url>
		<!--<routing-url targetsys="FICO">https://gateway1-cqa.adeptra.com.au:443/fico/anzAURtaCEM</routing-url>-->
		<!-- <routing-url>http://dpaau182dev01.dev.anz:2070</routing-url>-->
		<backendTimeout>20</backendTimeout>
		<!--<ssl-proxyprofile>External_SSLProxyProfile_FICO</ssl-proxyprofile>-->
		<ssl-clientprofile>External_ClientProfile_FICO</ssl-clientprofile>
		<!--<SDMAlertingEnable>Y</SDMAlertingEnable>-->
		<logConfig>
			<operationName>CIM_SndSMSToFICO01</operationName>
		</logConfig>
		<LogRule>Common_Log_Rule02</LogRule>
	</common>
</gatewaypattern>
