<businessEvent name="GenPay" version="v1" type="RequestReply" enabled="true" conditionalRouting="no">
	<LogRule>Common_Log_Rule02</LogRule>
	<sourceConfig>
		<ResRule>SSHTTPRqRplyInward_Res_Rule_NONXML</ResRule>
		<ContentType>XML</ContentType>
		<request>
			<actions>
				<Authorize enabled="N">
					<!-- Keep it N for dev, and Y for higher env -->
					<!--<attribute-value name="member">CN=Rubik-ANZToolkit-DevUAT-Endpoint, OU=UAT, O=Rubik Financial Limited, C=AU</attribute-value>
					<attribute-value name="member">CN=*.uat.stargatetech.com.au, OU=Domain Control Validated - RapidSSL(R), OU=See www.rapidssl.com/resources/cps (c)14, OU=GT98521142</attribute-value>-->
				</Authorize>
			</actions>
			<scTransform/>
		</request>
		<response>
			<actions>
			<action name="HTTP-RSHEADER-HANDLER">
					<header name="MQMD" Type="remove"/>        
				 </action>
			</actions>
			<csTransform/>
		</response>
		<errorConfig>
			<errorHandler stylesheet="local:/ondisk/services/SSI/configuration/PTM/PTMErrorHandler01.xsl">
				<!--Use this for now. will need to change it later-->
				<params>
					<errElementName>GenPay</errElementName>
					<!-- Need to confirm this-->
					<errNamespace/>
				</params>
			</errorHandler>
		</errorConfig>
	</sourceConfig>
	<targetConfig name="PTM">
		<ReqRule>SSHTTPRqRplyInward_Req_Rule_XML</ReqRule>
		<ContentType>XML</ContentType>
		<request>
			<actions>
				<action name="MQ-RQHEADER-HANDLER">
					<msgExpiry>60</msgExpiry>
				</action>
			</actions>
			<ctTransform/>
			<endpointConfig>
				<uri>/?RequestQueue=PMIT.BS.APPY.ETX.GENPAY1</uri>
				<targetSystem>PTM</targetSystem>
				<timeout>60</timeout>
			</endpointConfig>
		</request>
		<response>
			<actions>
			</actions>
			<tcTransform/>
		</response>
	</targetConfig>
	<logConfig>
		<operationName>GenPay</operationName>
		<msgID>//RqUID</msgID>
	</logConfig>
</businessEvent>