<?xml version="1.0" encoding="UTF-8"?>
<businessEvent name="SigEvntSubPO" version="V1" type="RequestReply" enabled="true" conditionalRouting="false">
	<logConfig>
		<operationName>SigEvntSubPO</operationName>
	</logConfig>
	<SDMAlert>N</SDMAlert>
	<sourceConfig>
		<request>
			<actions>
				<action name="AAA" enabled="N">AU BS SubscriptionEvent</action>
                                <action name="STRIP-SOAP"/>
				<action name="SCHEMA-VALIDATE" enabled="false"/>
			</actions>
			<scTransform/>
		</request>
		<response>
			<actions>
				<action name="HTTP-RSHEADER-HANDLER">
					<header name="Content-Type" value="application/xml" valueType="set"/>
				</action>
			</actions>
			<extender/>
			<csTransform/>
		</response>
		<errorConfig>
			<errorHandler stylesheet="local://ondisk/services/SSI/configuration/MLS/SigEvntSubPO_V1/ErrorHandler.xsl">
			<params>
					<errContentType>application/xml</errContentType>
					<errElementName/>
				</params>
			</errorHandler>
		</errorConfig>
	</sourceConfig>
	<targetConfig name="CIM02">
		<request>
			<actions>
				<action name="MQ-RQHEADER-HANDLER">
					<msgExpiry>-1</msgExpiry>
					<msgPersistence>Persistent</msgPersistence>
				</action>
			</actions>		
			<endpointConfig>
				<uri>/?RequestQueue=PMIT.BS.ARLD.PO.SIGEVNTSUBPO1</uri>
				<targetSystem>CIM</targetSystem>
				<timeout>30</timeout>				
			</endpointConfig>
			<ctTransform>MLS/SigEvntSubPO_V1/SigEvntSubPO_Acknowledgement.xsl</ctTransform>
		</request>
		<response>
			<actions/>
			<!--<tcTransform>PNDE/SubscriptionEvent_V1/tc_PNDESubscriptionEvent_response.xsl</tcTransform>-->
		</response>
	</targetConfig>
</businessEvent>
