<?xml version="1.0" encoding="UTF-8"?>
<businessEvent name="RetrieveRefDataByKey" version="01" type="RequestReply" enabled="true" conditionalRouting="false">
	<LogRule>Common_Log_Rule02</LogRule>
	<sourceConfig>
		<request>
			<actions>
				<action name="AAA"/>
			</actions>
			<scTransform/>
		</request>
		<response>
			<actions>
				<action name="HTTP-RSHEADER-HANDLER">
					<header name="Content-Type" value="text/xml"/>
					<header name="requestId" value="/RetrieveRefDataByKey/PayloadRs/requestId" valueType="xpath"/>
				</action>
			</actions>
			<csTransform/>
		</response>
		<errorConfig>
			<errorHandler stylesheet="local://ondisk/services/SSI/configuration/customer/ErrorHandler.xsl">
				<params>
					<errElementName/>
				</params>
			</errorHandler>
		</errorConfig>
	</sourceConfig>
	<targetConfig name="CSP">
		<request>
			<actions>
				<action name="HTTP-RQHEADER-HANDLER">
					<method>GET</method>
					<header name="ANZ-Application-ID " value="/RetrieveRefDataByKey/PayloadRq/ANZ-Application-ID" valueType="xpath"/>
					<header name="ANZ-Application-Version " value="/RetrieveRefDataByKey/PayloadRq/ANZ-Application-Version" valueType="xpath"/>
					<header name="requestId " value="/RetrieveRefDataByKey/PayloadRq/requestId" valueType="xpath"/>
					<header name="branchId " value="/RetrieveRefDataByKey/PayloadRq/branchId" valueType="xpath"/>
					<header name="terminalId " value="/RetrieveRefDataByKey/PayloadRq/terminalId" valueType="xpath"/>
					<header name="origApp " value="/RetrieveRefDataByKey/PayloadRq/origApp" valueType="xpath"/>
					<header name="Origin" value="/RetrieveRefDataByKey/PayloadRq/Origin" valueType="xpath"/>
					<header name="initCompany " value="/RetrieveRefDataByKey/PayloadRq/initCompany" valueType="xpath"/>
					 <header name="User-Agent" value="/RetrieveRefDataByKey/PayloadRq/User-Agent" valueType="xpath"/>
					<header name="JWT-Token" value="/RetrieveRefDataByKey/PayloadRq/Auth" valueType="xpath"/> 
	                                <header name="Accept" value="application/vnd.csp-anz.com+json;version=1.0" valueType="set"/>
					<header name="Content-Type" value="application/json" valueType="set"/> 
				</action>
			</actions>
			<ctTransform>customer/referencedata_v01/RetrieveRefDataByKeyRq.xsl</ctTransform>
			<endpointConfig>
				<uri type="dyn"/>
				<uri-pattern>
					<static>/api/referenceservice/reference/properties/</static>
					<dynamic>RetrieveRefDataByKey/PayloadRq/key</dynamic>
					<static>/latest</static>
				</uri-pattern>
				<targetSystem>CSP</targetSystem>
				<timeout>90</timeout>
			</endpointConfig>
		</request>
		<response>
			<actions>
				<action type="custom">local://ondisk/services/SSI/transform/customer/referencedata_v01/RetrieveRefDataByKeyRs.xsl</action>
			</actions>
			<tcTransform/>
		</response>
	</targetConfig>
	<logConfig>
		<operationName>RetrieveRefDataByKey01</operationName>
	</logConfig>
</businessEvent>