<businessEvent name="getwalletsummary" version="v1" type="RequestReply" enabled="true" condi-tionalRouting="no">
	<!--
	 	consumerConfig section defines 
	 		- actions to be applied on the request message received from consumer
	 		- actions to be applied on the response message sent to consumer
	 		- transform to be applied on the request message received from consumer
	 		- transform to be applied on the response message sent to consumer
	 		- Optional extender, which might require to be executed before the message being sent back to consumer.
	 		   
	 -->
	<sourceConfig>
		<ResRule>SSHTTPRqRplyOutward02_Res_Rule_XML</ResRule>
		<ContentType>XML</ContentType>
		<request>
			<actions>
				<Authorize enabled="N">
					<attribute-value name="member"/>
				</Authorize>
			</actions>
			<scTransform/>
			<sourceNamespace/>
			<respElementName/>
		</request>
		<response>
			<actions/>
			<csTransform/>
		</response>
		<!--	errorConfig section specifies the stylesheet to executed in case of an error. 
			Its provides option specifies the params to error stylesheet.
	 	 -->
		<errorConfig>
			<errorHandler stylesheet="local:/ondisk/services/SSI/configuration/awsm/getwalletsummary_v1/PassthroughErrorHandler01.xsl">
				<params>
					<errElementName>GetWalletSummaryResponse</errElementName>
					<errNamespace>http://www.americanexpress.com/digitalnetwork/WalletIssuerServicing/V1</errNamespace>
				</params>
			</errorHandler>
		</errorConfig>
	</sourceConfig>
	<!--
		targetConfig section defines
			- actions to be applied on the request message sent to provider
	 		- actions to be applied on the response message received from provider
	 		- transform to be applied on the request message sent to provider
	 		- transform to be applied on the response message received from provider
	 		- provider endpoint configuration 
	 		- Optional extender, which might require to be executed before the message being sent to provider.
	-->
	<targetConfig name="AMEX">
		<ReqRule>SSHTTPRqRplyOutward02_Req_Rule_XML</ReqRule>
		<!--<ReqRule>SSHTTPRqRplyOutward02_Req_Rule_AMEX</ReqRule>-->
		<ContentType>XML</ContentType>
		<request>
			<actions>
				<!--<action name="HTTP-RQHEADER-HANDLER">
					<header name="Content-Type" valueType="copy"/>
				</action>-->
			</actions>
			<ctTransform/>
			<endpointConfig>
				<uri>7334</uri>
				<!--<uri>/WalletIssuerServicingService</uri>-->
				<targetSystem>AMEX</targetSystem>
				<timeout>60</timeout>
			</endpointConfig>
		</request>
		<response>
			<actions/>
			<tcTransform/>
		</response>
	</targetConfig>
	<logConfig>
		<operationName>awsm_getwalletsummary_v1</operationName>
		<msgID>//*[local-name()='RequestID']</msgID>
	</logConfig>
</businessEvent>