<logConfig>
	<!-- ALL/NONE/FRONT/BACK -->
	<log-enabled value="ALL"/>
	<!-- Y/N -->
	<detail-log-enabled value="Y"/>
	<!-- Y/N -->
	<slim-log-enabled value="N"/>
	<masking isMaskRequire="Y">
		<logpoint id="service_req">
			<maskPattern attribute="detail" startPosition="9" numOfChars="8">(&lt;AcctId>[\w\s]+&lt;)</maskPattern>
		</logpoint>

                <logpoint id="service_res">
			<maskPattern attribute="detail" startPosition="9" numOfChars="20">(&lt;AcctId>[\w\s]+&lt;)</maskPattern>
		</logpoint>

                <logpoint id="service_res">
			<maskPattern attribute="detail" startPosition="15" numOfChars="13">(&lt;CardVrfyData>[\w\s]+&lt;)</maskPattern>
		</logpoint>

	</masking>
</logConfig>

