<?xml version="1.0" encoding="UTF-8"?>
<businessEvent name="assetloanapp" version="01" type="RequestReply" enabled="true" conditionalRouting="false">
	<LogRule>Common_Log_Rule02</LogRule>
	<sourceConfig>
		<request>
			<actions>
				<action name="AAA" enabled="N"></action>
			</actions>
			<scTransform>els/assetloanapp_v1/POST/jsonXToXml.xsl</scTransform>
		</request>
		<response>
			<actions>
				<action name="HTTP-RSHEADER-HANDLER">
					<header name="Content-Type" value="application/json"/>
				</action>
                                <action type="custom">store:/jsonx2json.xsl</action>
			</actions>
			<csTransform/>
		</response>
		<errorConfig>
			<errorHandler stylesheet="local://ondisk/services/SSI/configuration/els/assetloanapp_v1/POST/ErrorHandler.xsl">
				<params>
					<errElementName/>
				</params>
			</errorHandler>
		</errorConfig>
	</sourceConfig>
	<targetConfig name="els">
		<request>
			<actions>
				<!--<action type="custom">local://ondisk/services/SSI/transform/els/assetloanapp_v1/POST/assetloanappRq.xsl</action>-->
				<action name="HTTP-RQHEADER-HANDLER">
					<method>POST</method>
					<!--<header name="ANZ-Application-ID " value="/DeviceProfileEvent/PayloadRq/ANZ-Application-ID" valueType="xpath"/>
					<header name="ANZ-Application-Version " value="/DeviceProfileEvent/PayloadRq/ANZ-Application-Version" valueType="xpath"/>
					<header name="requestId " value="/DeviceProfileEvent/PayloadRq/requestId" valueType="xpath"/>
					<header name="branchId " value="/DeviceProfileEvent/PayloadRq/branchId" valueType="xpath"/>
					<header name="terminalId " value="/DeviceProfileEvent/PayloadRq/terminalId" valueType="xpath"/>
					<header name="userId " value="/DeviceProfileEvent/PayloadRq/userId" valueType="xpath"/>
					<header name="origApp " value="/DeviceProfileEvent/PayloadRq/origApp" valueType="xpath"/>
					<header name="initCompany " value="/DeviceProfileEvent/PayloadRq/initCompany" valueType="xpath"/>
					<header name="Accept" value="application/vnd.csp-anz.com+json;version=1.0" valueType="set"/>-->
					<header name="Content-Type" value="text/xml;charset=UTF-8" valueType="set"/>
				</action>
			</actions>
			<!--<ctTransform>els/assetloanapp_v1/POST/assetloanappRq_XML.xsl</ctTransform>-->
			<endpointConfig>
				<uri/>
				<targetSystem>els</targetSystem>
				<timeout>30</timeout>
			</endpointConfig>
		</request>
		<response>
			<actions>
				<!--<action type="custom">store://jsonx2json.xsl</action>-->
			</actions>
			<tcTransform>els/assetloanapp_v1/POST/xmlToJsonX.xsl</tcTransform>
		</response>
	</targetConfig>
	<logConfig>
		<operationName>assetloanapp</operationName>
	</logConfig>
</businessEvent>