<businessEvent name="cgiv1accounts" version="V1" type="RequestReply" enabled="true" conditionalRouting="no">
	<sourceConfig>
		<ResRule>SSHTTPRqRplyOutward_Res_Rule_JSON</ResRule>
		<ContentType>JSON</ContentType>
		<request>
			<actions/>
			<scTransform/>
		</request>
		<response>
			<actions/>
			<csTransform/>
		</response>
		<errorConfig>
			
		</errorConfig>
	</sourceConfig>
	<targetConfig name="CGI">
		<ReqRule>SSHTTPRqRplyOutward_Req_Rule_NULL</ReqRule>
		<ContentType/>
		<request>
			<actions/>
			<ctTransform/>
			<endpointConfig>
				<uri type="uri-in"/>
				<targetSystem>CGI</targetSystem>
				<timeout>60</timeout>
			</endpointConfig>
		</request>
		<response>
			<actions/>
			<tcTransform/>
		</response>
	</targetConfig>
	<logConfig>
		<operationName>cgiv1accounts</operationName>
	</logConfig>
</businessEvent>