<?xml version="1.0" encoding="UTF-8"?>
<businessEvent name="AddUpdateBundlingPreferences" version="01" type="RequestReply" enabled="true" conditionalRouting="false">
	<LogRule>Common_Log_Rule02</LogRule>
	<sourceConfig>
		<request>
			<actions>
				<action name="AAA" enabled="Y">AU RetailSH BS AddUpdateBundlingPreferences</action>
			</actions>
			<scTransform/>
		</request>
		<response>
			<actions>	
			</actions>
			<csTransform>CDMS/AddUpdateCustomer_1.0/TC_Response.xsl</csTransform>
		</response>
		<errorConfig>
			<errorHandler stylesheet="local://ondisk/services/SSI/configuration/CDMS/AddUpdateBundlingPreferences_1.0/PUT/ErrorHandler.xsl">
				<params>
					<!--<errContentType>application/vnd.mcp-anz.com+json_version_1.0</errContentType>-->
					<errContentType>application/json</errContentType>
				</params>
			</errorHandler>
		</errorConfig>
	</sourceConfig>
	<targetConfig name="CSP-CDMS">
		<request>
			<ctTransform>CDMS/AddUpdateCustomer_1.0/CSPHeader.xsl</ctTransform>
			<actions>
			</actions>
			<endpointConfig>
				<uri type="uri-in"/>
				<targetSystem>CSPCDMS</targetSystem>
				<timeout>9</timeout>
			</endpointConfig>
		</request>
		<response>
			<tcTransform/>
		</response>
	</targetConfig>
	<logConfig>
		<operationName>AddUpdBunPrefer01</operationName>
	</logConfig>
</businessEvent>