<?xml version="1.0" encoding="UTF-8"?>
<businessEvent name="GETCustomerKbaStatus01" version="v1" type="RequestReply" enabled="true" conditionalRouting="false">
	<!--
	Actions:
		The actions would apply the properties as defined in it.
	AVAILABLE ACTIONS:
		AAA : Performs authorisation on the specified AD Group
		HTTP-RSHEADER-HANDLER : HTTP Response Header Handler, sets the header values as specified in the parameter <header>
	 	MQ-RQHEADER-HANDLER: MQ Request Header Handler		
	 -->
	<LogRule>Common_Log_Rule02</LogRule>
	<sourceConfig>
		<request>
			<actions>
				<action name="AAA" enabled="N">AU ChnlSH SAAVerification Service Accounts (Ad)</action>
				<header name="Content-Type" value="application/vnd.mcp-anz.com+json;version=1.0" valueType="set"/>
			</actions>

		</request>
		<response>
			<actions>
				<action name="HTTP-RSHEADER-HANDLER">
                    <!--<method>GET</method>-->
					<header name="Content-Type" value="application/vnd.mcp-anz.com+json;version=1.0" valueType="set"/>
				</action>
			</actions>
		</response>
		<!--
			errorConfig section specifies the stylesheet to executed in case of an error. 
			Its provides option specifies the params to error stylesheet.
	 	 -->
		<errorConfig>
			<errorHandler stylesheet="local:///ondisk/services/SSI/configuration/msl/cso_challengeQ/ErrorHandler.xsl">
				<params>
					<errContentType>application/json</errContentType>
					<errElementName/>
				</params>
			</errorHandler>
		</errorConfig>
	</sourceConfig>
	<targetConfig name="msl-cso">
		<request>
			<actions>
				<action name="HTTP-RQHEADER-HANDLER">
					<header name="Content-Type" value="application/vnd.mcp-anz.com+json; version=1.0" valueType="set"/>
				</action>
			</actions>
			<endpointConfig>
				<uri type="uri-in"/>
				<targetSystem>msl-cso</targetSystem>
				<timeout>30</timeout>
			</endpointConfig>
		</request>
		<response>
			<tcTransform/>
		</response>
	</targetConfig>
	<logConfig>
		<operationName>challengeQ</operationName>
                
	</logConfig>
</businessEvent>