<?xml version="1.0"?>
<Events>
	<!--<Event serviceURI="^/NB/Notification/v1" method="POST">
		<Name>AliasOwnership</Name>
		<expiry>30D</expiry>
		<expiry>T08HH</expiry>
	</Event>
	<Event serviceURI="^/[\w-]">
		<Name>AliasOwnership</Name>
		<expiry>30</expiry>
	</Event>-->
	<Event type="AliasRegSucc">
		<expiry>T08HH</expiry>
	</Event>
	<Event type="AliasRegFail">
		<expiry>T08HH</expiry>
	</Event>
	<Event type="AliasUpdSucc">
		<expiry>T08HH</expiry>
	</Event>
	<Event type="AliasUpdFail">
		<expiry>T08HH</expiry>
	</Event>
	<Event type="AliasVerCode">
		<expiry>T08HH</expiry>
	</Event>
	<Event type="F2Qrtne1">
		<expiry>T30mm</expiry>
	</Event>
	<Event type="F2Qrtne2">
		<expiry>T30mm</expiry>
	</Event>
	<Event type="IwdPayment">
		<expiry>T08HH</expiry>
	</Event>
	<Event type="OwdSglPaySucc">
		<expiry>T08HH</expiry>
	</Event>
	<Event type="OwdSglPayFail">
		<expiry>T08HH</expiry>
	</Event>
	<Event type="SglPayApp">
		<expiry>T08HH</expiry>
	</Event>
	<Event type="SglPayRpr">
		<expiry>T08HH</expiry>
	</Event>
	<Event type="SglPayRmnd">
		<expiry>T08HH</expiry>
	</Event>
	<Event type="SglPayRej">
		<expiry>T08HH</expiry>
	</Event>
	<Event type="NPPPayBdle">
		<expiry>T08HH</expiry>
	</Event>
	<Event type="UpdPayList">
		<expiry>T08HH</expiry>
	</Event>
	<Event type="UpdPayTmp">
		<expiry>T08HH</expiry>
	</Event>
	<Event type="PayVerCdeSMS">
		<expiry>T00H02M30S</expiry>
	</Event>
	<Event type="PayVerCde">
		<expiry>T00H02M30S</expiry>
	</Event>
	<Event type="default">
		<expiry>T08HH</expiry>
	</Event>
</Events>