<businessEvent name="cgiv1transactions" version="V1" type="RequestReply" enabled="true" conditionalRouting="no">
	<sourceConfig>
		<ResRule>SSHTTPRqRplyOutward_Res_Rule_JSON</ResRule>
		<ContentType>JSON</ContentType>
		<request>
			<actions/>
			<scTransform/>
		</request>
		<response>
			<actions/>
			<csTransform/>
		</response>
		<errorConfig>
		<errorHandler stylesheet="local:/ondisk/services/SSI/configuration/cgi/v1_transactions/postErrorHandler.xsl">

			</errorHandler>
		</errorConfig>
	</sourceConfig>
	<targetConfig name="CGI">
		<ReqRule>SSHTTPRqRplyOutward_Req_Rule_JSON</ReqRule>
		<ContentType/>
		<request>
			<actions/>
			<ctTransform/>
			<endpointConfig>
				<uri type="dynXSL">local:/ondisk/services/SSI/configuration/cgi/cgiUriHandler.xsl</uri>
				<targetSystem>CGI</targetSystem>
				<timeout>40</timeout>
			</endpointConfig>
		</request>
		<response>
			<actions/>
			<tcTransform/>
		</response>
	</targetConfig>
	<logConfig>
		<operationName>cgiv1transactions</operationName>
	</logConfig>
</businessEvent>