<businessEvent name="esignlive" version="V1" type="RequestReply"
	enabled="true" conditionalRouting="no">
	<!-- Actions: The actions would apply the properties as defined in it. AVAILABLE 
		ACTIONS: STRIP-SOAP : Strips the SOAP Envelope SCHEMA-VALIDATE : Validates 
		message against the specified schema ADD-SOAP : Adds the SOAP Envelope HTTP-RQHEADER-HANDLER 
		: HTTP Request Header Handler, sets the header values as speci-fied in the 
		parameter <header> HTTP-RSHEADER-HANDLER : HTTP Response Header Handler, 
		sets the header values as speci-fied in the parameter <header> MQ-RQHEADER-HANDLER: 
		MQ Request Header Handler The system allows to define custom actions which 
		to specify the complete style sheet path to be executed Ex: <action name="SetContext" 
		type="custom">local://ondisk/services/SSXmltoXml/01/custom/TrdngAcctAdd_SetContext.xsl</action> -->
	<!-- consumerConfig section defines - actions to be applied on the request 
		message received from consumer - actions to be applied on the response message 
		sent to consumer - transform to be applied on the request message received 
		from consumer - transform to be applied on the response message sent to consumer 
		- Optional extender, which might require to be executed before the message 
		being sent back to consumer. -->
	<LogRule>Common_Log_Rule02</LogRule>
	<sourceConfig>
		<ResRule>SSHTTPRqRplyInward02_Res_Rule_NONXML</ResRule>
		<ContentType>NONXML</ContentType>
		<request>
			<actions>
				<Authorize enabled="N">
					<attribute-value name="member">CN=audpcdpsvc, OU=CDP, O=ANZ,
						L=Melbourne, ST=VIC, C=AU</attribute-value>
					<attribute-value name="member">CN=audpclient02.dev.anz,
						O=ANZ, L=Melbourne, ST=VIC, C=AU</attribute-value>
				</Authorize>
			</actions>
			<scTransform />
			<sourceNamespace />
			<respElementName />
		</request>
		<response>
			<actions>				        
				<action />			      
			</actions>
			<csTransform />
		</response>
		<!-- errorConfig section specifies the stylesheet to executed in case of 
			an error. Its provides option specifies the params to error stylesheet. -->
		<errorConfig>
			<errorHandler stylesheet="local:/ondisk/services/SSI/configuration/ess/eslstatusevent_v1/ErrorHandler.xsl" />
		</errorConfig>
	</sourceConfig>
	<!-- targetConfig section defines - actions to be applied on the request 
		message sent to provider - actions to be applied on the response message 
		received from provider - transform to be applied on the request message sent 
		to provider - transform to be applied on the response message received from 
		provider - provider endpoint configuration - Optional extender, which might 
		require to be executed before the message being sent to provider. -->
	<targetConfig name="eslstatusevent">
		<ReqRule>SSHTTPRqRplyInward02_Req_Rule_NONXML</ReqRule>
		<ContentType>NONXML</ContentType>
		<request>		
			<actions>
                 <action name="MQ-RQHEADER-HANDLER">
			        <msgExpiry>160</msgExpiry>
                  </action>
			</actions>
			<ctTransform/>
			<endpointConfig>
				<uri>/?RequestQueue=TESTQ</uri>
				<targetSystem>ESS</targetSystem>
				<timeout>60</timeout>
			</endpointConfig>
		</request>
		<response>
			<actions />
			<tcTransform />
		</response>
	</targetConfig>
	<logConfig>
		<operationName>ess_eslstatusevent_v1</operationName>
	</logConfig>
</businessEvent>