<?xml version="1.0" encoding="UTF-8" standalone="yes"?>
<service name="CTISyslogEvent">
	<logConfig>
		<operationName>CTISysLog</operationName>
	</logConfig>
	<routingURL>http://127.0.0.1:8006/cti/syslog/1.0</routingURL>
	<providerRqLogEnable>Y</providerRqLogEnable>
	<providerRqLogDetailEnable>Y</providerRqLogDetailEnable>
	<providerResLogEnable>Y</providerResLogEnable>
	<providerResLogDetailEnable>Y</providerResLogDetailEnable>
	<errorLogEnable>Y</errorLogEnable>
	<errorLogDetailEnable>Y</errorLogDetailEnable>
	<ReplyToQ>PWSDP.CHNLSH.CTI.SYSLOG.RESPONSE</ReplyToQ>
	<ReplyToQMgr>MQQueueManager_DigitalWallet</ReplyToQMgr>
</service>