<service name="CreateDocumentUploadRequest">
<logConfig>
	<operationName>CreateDocumentUploadRequest</operationName>
</logConfig>
    <routingURL>http://127.0.0.1:8006/TPD/DocVaultCreateUploadRequest/1.0</routingURL>
	<providerRqLogEnable>Y</providerRqLogEnable>
	<providerRqLogDetailEnable>Y</providerRqLogDetailEnable>
	<providerResLogEnable>Y</providerResLogEnable>
	<providerResLogDetailEnable>Y</providerResLogDetailEnable>
	<errorLogEnable>Y</errorLogEnable>
	<errorLogDetailEnable>Y</errorLogDetailEnable>
        <ReplyToQ>PWSDP.CHNLSH.CSP.DOCVAULT.RES</ReplyToQ>  
        <ReplyToQMgr>MQQueueManager_DigitalWallet</ReplyToQMgr>
 </service>