<?xml version="1.0" encoding="UTF-8" standalone="yes"?>
<service name="CSPRetrieveOlaAddress">
	<logConfig>
		<operationName>SolaCspRetrvOlaAddress</operationName>
	</logConfig>
	<routingURL>http://127.0.0.1:8006/SOLA/CSPRetrieveOlaAddress/1.0</routingURL>
	<providerRqLogEnable>Y</providerRqLogEnable>
	<providerRqLogDetailEnable>Y</providerRqLogDetailEnable>
	<providerResLogEnable>Y</providerResLogEnable>
	<providerResLogDetailEnable>Y</providerResLogDetailEnable>
	<errorLogEnable>Y</errorLogEnable>
	<errorLogDetailEnable>Y</errorLogDetailEnable>
	<ReplyToQ>PWSDP.CHNLSH.CSP.OLA.RES</ReplyToQ>
	<ReplyToQMgr>MQQueueManager_DigitalWallet</ReplyToQMgr>
</service>
