<service name="CanonicalAddressSearch">
	<logRule>Common_Log_Rule</logRule>
	<logConfig>
		<operationName>CanonicalAddressSearch</operationName>
	</logConfig>
	<routingURL>http://127.0.0.1:8006/PLCC/CSPCanonicalAddressSearch/1.0</routingURL>
	<providerRqLogEnable>Y</providerRqLogEnable>
	<providerRqLogDetailEnable>N</providerRqLogDetailEnable>
	<providerResLogEnable>Y</providerResLogEnable>
	<providerResLogDetailEnable>N</providerResLogDetailEnable>
	<errorLogEnable>Y</errorLogEnable>
	<errorLogDetailEnable>N</errorLogDetailEnable>
	<ReplyToQ>PWSDP.CHNLSH.PLCC.EVRETRIEVEREFDATA.RES</ReplyToQ>
	<ReplyToQMgr>MQQueueManager_DigitalWallet</ReplyToQMgr>
	<mqmngroverrideflag>y</mqmngroverrideflag>
</service>
