<?xml version="1.0" encoding="UTF-8" standalone="yes"?>
<service name="CSPRetrieveAddress">
	<logConfig>
		<operationName>RetrieveAddress01</operationName>
	</logConfig>
	<routingURL>http://127.0.0.1:8006/CSPBFF/CSPRetrieveAddress/1.0</routingURL>
	<providerRqLogEnable>Y</providerRqLogEnable>
	<providerRqLogDetailEnable>Y</providerRqLogDetailEnable>
	<providerResLogEnable>Y</providerResLogEnable>
	<providerResLogDetailEnable>Y</providerResLogDetailEnable>
	<errorLogEnable>Y</errorLogEnable>
	<errorLogDetailEnable>Y</errorLogDetailEnable>
</service>