<businessEvent name="WorkFlowReq" version="v1" type="RequestReply" enabled="true" conditionalRouting="no">
	<LogRule>Common_Log_Rule02</LogRule>
	<sourceConfig>
		<ResRule>SSHTTPRqRplyInward_Res_Rule_XML</ResRule>
		<ContentType>XML</ContentType>
		<request>
			<actions>
				<Authorize enabled="N"></Authorize>
			</actions>
			<scTransform/>
		</request>
		<response>
			<actions>
				<action name="custom">local:/ondisk/services/SSI/configuration/Integrity/WorkFlowReq_v1/WorkFlow_ResponseHeader_Handler.xsl</action>
			</actions>
			<csTransform/>
		</response>
		<errorConfig>
			<errorHandler stylesheet="local:/ondisk/services/SSI/configuration/defaultErrorHandler01.xsl">
				<params>
					<errElementName/>
					<errNamespace/>
				</params>
			</errorHandler>
		</errorConfig>	
	</sourceConfig>

	<targetConfig name="CIM">
		<ReqRule>SSHTTPRqRplyInward_Req_Rule_XML</ReqRule>
		<ContentType>XML</ContentType>
		<request>
			<actions>
				<action name="custom">local:/ondisk/services/SSI/configuration/Integrity/WorkFlowReq_v1/WorkFlow_RequestHeader_Handler.xsl</action>
			</actions>
			<ctTransform/>
			<endpointConfig>
				<uri>/?RequestQueue=PMIT.BS.ARLD.SAI.WORKFLOWREQINT1;ReplyQueue=PWSDP.B2B.SAI.WORKFLOW.RESPONSE</uri>
				<targetSystem>CIM_Unix</targetSystem>
				<timeout>180</timeout>
			</endpointConfig>
		</request>
		<response>
			<actions/>
			<tcTransform/>
		</response>
	</targetConfig>
	<logConfig>
		<operationName>Integrity_WorkFlowReq_v1</operationName>
		<msgID>//*[local-name()='CorrelationID']</msgID>
	</logConfig>
</businessEvent>