<?xml version="1.0" encoding="UTF-8"?>
<businessEvent name="CRNRegistration" version="01" type="RequestReply" enabled="true" conditionalRouting="false">
	<LogRule>Common_Log_Rule02</LogRule>
	<sourceConfig>
		<request>
		     <actions>
				     <action name="AAA" enabled="Y">AU RetailSH BS CRNRegistration</action>
			</actions>
		<scTransform/>
		</request>	
		<response>
			<actions>
                             <action name="HTTP-RSHEADER-HANDLER">
					<header name="Content-Type" value="application/json" valueType="set"/>
					<header name="RequestID" valueType="copy"/>
			     </action>
			</actions>
			<csTransform/>
		</response>
		<errorConfig>
			<errorHandler stylesheet="local://ondisk/services/SSI/configuration/ib/crnRegistration_v1/POST/ErrorHandler.xsl">
				<params>
					<errElementName/>
				</params>
			</errorHandler>
		</errorConfig>
	</sourceConfig>
	<targetConfig name="InternetBanking">
		<request>
		<actions>
                            <action name="HTTP-RQHEADER-HANDLER">
					<header name="Content-Type" value="application/json" valueType="set"/>
					<header name="RequestID" valueType="copy"/>
                                        <header name="ANZ-Application-ID" valueType="copy"/>
                                        <header name="Accept" valueType="copy"/>
			     </action>
		</actions>
		<endpointConfig>
				<uri>/IBAU/BANKAWAYWEBAPI/user-profile/v1/registration</uri>                          
				 <targetSystem>InternetBanking</targetSystem> 
				<timeout>30</timeout>
			</endpointConfig>
		</request>
		<response>
			<actions>

			</actions>
			<tcTransform/>
		</response>
	</targetConfig>
	<logConfig>
		<operationName>CRNRegistration</operationName>
	</logConfig>
</businessEvent>