<?xml version="1.0" encoding="UTF-8"?>
<xsl:stylesheet version="1.0" xmlns:xsl="http://www.w3.org/1999/XSL/Transform" xmlns:dp="http://www.datapower.com/extensions" extension-element-prefixes="dp" exclude-result-prefixes="dp">
	<xsl:template match="/">
		<!-- TODO: Auto-generated template -->
		<xsl:message>POST /api/partyservice/parties/{partyId}/contact-points Operation in Corp 
		</xsl:message>
		<xsl:variable name="errorConfig" select="dp:variable('var://context/SSI/errorConfig')"/>
		<xsl:variable name="nms" select="$errorConfig/errorHandler/params/errNamespace"/>
		<xsl:variable name="rspElt" select="$errorConfig/errorHandler/params/errElementName"/>
		<xsl:variable name="validationErrorCode" select="dp:variable('var://context/SSI/error-subcode')"/>
		<xsl:variable name="validationErrorMessage" select="dp:variable('var://context/SSI/error-message')"/>
		<xsl:variable name="mqrc" select="dp:response-header('x-dp-response-code')"/>
		<dp:set-http-request-header name="'Content-Type'" value="'application/json'"/>
		<xsl:choose>
			<xsl:when test="/status/statusCode = '100'">
				<dp:set-variable name="'var://context/SSI/statusCode'" value="'100'"/>
				<dp:set-variable name="'var://context/SSI/statusDesc'" value="'General Error'"/>
				<dp:set-http-response-header name="'x-dp-response-code'" value="'500'"/>
			</xsl:when>
			<xsl:when test="/status/statusCode = '300'">
				<dp:set-variable name="'var://context/SSI/statusCode'" value="'500'"/>
				<dp:set-variable name="'var://context/SSI/statusDesc'" value="'Backend Service is unavailable'"/>
				<dp:set-http-response-header name="'x-dp-response-code'" value="'500'"/>
			</xsl:when>
			<xsl:when test="/status/statusCode = '1740'">
				<dp:set-variable name="'var://context/SSI/statusCode'" value="'300'"/>
				<dp:set-variable name="'var://context/SSI/statusDesc'" value="'Authorization Error'"/>
				<dp:set-http-response-header name="'x-dp-response-code'" value="'401'"/>
			</xsl:when>
			<xsl:when test="/status/statusCode = '200'">
				<dp:set-variable name="'var://context/SSI/statusCode'" value="'400'"/>
				<dp:set-variable name="'var://context/SSI/statusDesc'" value="'Bad Request'"/>
				<dp:set-http-response-header name="'x-dp-response-code'" value="'400'"/>
			</xsl:when>
			<xsl:otherwise>
				<dp:set-variable name="'var://service/error-protocol-response'" value="'500'"/>
			</xsl:otherwise>
		</xsl:choose>
		<xsl:call-template name="ErrMsg">
			<xsl:with-param name="rspElt" select="$rspElt"/>
			<xsl:with-param name="nms" select="$nms"/>
			<xsl:with-param name="status" select="."/>
		</xsl:call-template>
	</xsl:template>
	<xsl:template name="ErrMsg">
		<xsl:param name="rspElt"/>
		<xsl:param name="nms"/>
		<xsl:param name="status"/>
		<xsl:variable name="requestID" select="dp:variable('var://context/ANZDP/RequestID')"/>
		<xsl:variable name="statusCode" select="dp:variable('var://context/SSI/statusCode')"/>
		<xsl:variable name="statusDesc" select="dp:variable('var://context/SSI/statusDesc')"/>
		<xsl:variable name="errorblock">
			<json:object xmlns:xsi="http://www.w3.org/2001/XMLSchema-instance" xmlns:json="http://www.ibm.com/xmlns/prod/2009/jsonx" xsi:schemaLocation="http://www.datapower.com/schemas/json jsonx.xsd">
				<json:object name="Status">
					<json:number name="statusCode">
						<xsl:value-of select="$statusCode"/>
					</json:number>
					<json:string name="statusDesc">
						<xsl:value-of select="$statusDesc"/>
					</json:string>
				</json:object>
			</json:object>
		</xsl:variable>
		<xsl:copy-of select="dp:transform('store:///jsonx2json.xsl',$errorblock)"/>
		<dp:set-http-response-header name="Content-Type" value="'application/json'"/>
	</xsl:template>
</xsl:stylesheet>
