<?xml version="1.0" encoding="UTF-8"?>
<businessEvent name="ExecutionReport01" version="01" type="RequestReply" enabled="true" conditionalRouting="false">
	<sourceConfig>
		<request>
			<actions>
				<action name="AAA" enabled="Y">AU ChnlSH SubmitReports Service Accounts (Ad)</action>
				<!--<action name="VALIDATE-HEADERS" enabled="true">
					<header name="RequestID" required="true"/>
					<header name="ANZ-Application-ID" required="true"/>
				</action>-->
			</actions>
			<scTransform/>
		</request>
		<response>
			<actions>
</actions>
			<csTransform/>
		</response>
		<errorConfig>
			<errorHandler stylesheet="local://ondisk/services/SSI/configuration/CSP/execution-reports_1.0/POST/ErrorHandler.xsl">
				<params>
					<errContentType>application/json</errContentType>
				</params>
			</errorHandler>
		</errorConfig>
	</sourceConfig>
	<targetConfig name="csp">
		<request>
			<actions>
</actions>
			<ctTransform>CSP/execution-reports_1.0/POST/execution-reports_RQ.xsl</ctTransform>
			<endpointConfig>
				<staticUri>/api/po/execution-reports</staticUri>
				<uri type="uri-in"/>
				<targetSystem>CSPPEGA</targetSystem>
				<timeout>30</timeout>
			</endpointConfig>
		</request>
		<response>
			<tcTransform/>
		</response>
	</targetConfig>
	<logConfig>
		<operationName>ExecutionReport01</operationName>
	</logConfig>
	<LogRule>Common_Log_Rule02</LogRule>
</businessEvent>