<reportManifest>
	<applianceList>
		<appliance domain="B2B" name="dpaau182frm01">
			<deviceName>dpaau182frm01</deviceName>
			<reportURL>https://dpaau182frm01.apps.anz:5551</reportURL>
			<reportURI>Reports02/dpaau182frm01</reportURI>
		</appliance>
		<appliance domain="B2B" name="dpaau182frm02">
			<deviceName>dpaau182frm02</deviceName>
			<reportURL>https://dpaau182frm02.apps.anz:5551</reportURL>
			<reportURI>Reports02/dpaau182frm02</reportURI>
		</appliance>
		<appliance domain="ECOM" name="dpaau182frm03">
			<deviceName>dpaau182frm03</deviceName>
			<reportURL>https://dpaau182frm03.apps.anz:5551</reportURL>
			<reportURI>Reports02/dpaau182frm03</reportURI>
		</appliance>
		<appliance domain="ECOM" name="dpaau182frm04">
			<deviceName>dpaau182frm04</deviceName>
			<reportURL>https://dpaau182frm04.apps.anz:5551</reportURL>
			<reportURI>Reports02/dpaau182frm04</reportURI>
		</appliance>
		<appliance domain="B2B" name="dpaau020hwt01">
			<deviceName>dpaau020hwt01</deviceName>
			<reportURL>https://dpaau020hwt01.apps.anz:5551</reportURL>
			<reportURI>Reports02/dpaau020hwt01</reportURI>
		</appliance>
		<appliance domain="B2B" name="dpaau020hwt02">
			<deviceName>dpaau020hwt02</deviceName>
			<reportURL>https://dpaau020hwt02.apps.anz:5551</reportURL>
			<reportURI>Reports02/dpaau020hwt02</reportURI>
		</appliance>
		<appliance domain="ECOM" name="dpaau020hwt03">
			<deviceName>dpaau020hwt03</deviceName>
			<reportURL>https://dpaau020hwt03.apps.anz:5551</reportURL>
			<reportURI>Reports02/dpaau020hwt03</reportURI>
		</appliance>
		<appliance domain="ECOM" name="dpaau020hwt04">
			<deviceName>dpaau020hwt04</deviceName>
			<reportURL>https://dpaau020hwt04.apps.anz:5551</reportURL>
			<reportURI>Reports02/dpaau020hwt04</reportURI>
		</appliance>
<!-- 		<appliance domain="DEV" name="dpaau182dev01">
			<deviceName>dpaau182dev01</deviceName>
			<reportURL>https://dpaau182dev01.dev.anz:5552</reportURL>
			<reportURI>Reports02/dpaau182dev01</reportURI>
		</appliance>
		<appliance domain="DEV" name="dpaau182dev02">
			<deviceName>dpaau182dev02</deviceName>
			<reportURL>http://dpaau182dev02.dev.anz:2225</reportURL>
			<reportURI>Reports02/dpaau182dev02</reportURI>
		</appliance>
		<appliance domain="DEV" name="dpaau182sit01">
			<deviceName>dpaau182sit01</deviceName>
			<reportURL>https://dpaau182sit01.dev.anz:5551</reportURL>
			<reportURI>Reports02/dpaau182sit01</reportURI>
		</appliance>
		<appliance domain="DEV" name="dpaau182qa01">
			<deviceName>dpaau182qa01</deviceName>
			<reportURL>https://dpaau182qa01.dev.anz:5551</reportURL>
			<reportURI>Reports02/dpaau182qa01</reportURI>
		</appliance>
		<appliance domain="DEV" name="dpaau182qa02">
			<deviceName>dpaau182qa02</deviceName>
			<reportURL>https://dpaau182qa02.dev.anz:5551</reportURL>
			<reportURI>Reports02/dpaau182qa02</reportURI>
		</appliance>
		<appliance domain="DEV" name="dpaau182qa03">
			<deviceName>dpaau182qa03</deviceName>
			<reportURL>https://dpaau182qa03.dev.anz:5551</reportURL>
			<reportURI>Reports02/dpaau182qa03</reportURI>
		</appliance>
		<appliance domain="DEV" name="dpaau182qa04">
			<deviceName>dpaau182qa04</deviceName>
			<reportURL>https://dpaau182qa04.dev.anz:5551</reportURL>
			<reportURI>Reports02/dpaau182qa04</reportURI>
		</appliance> 
-->
	</applianceList>
	<reportList>
		<report name="certDetails">
			<reportName>Get the list of all SSL Certificate details</reportName>
			<discription>Get SSL Certificate Details</discription>
			<discriptionDetail>This report provides the list of all Secure Socket Layer(SSL) certificate details in a specific domain </discriptionDetail>
			<reportURI>certDetails</reportURI>
			<reportTrans>local://ondisk/services/Reports02/certDetails.xsl</reportTrans>
		</report>
		<report name="datapowerMembers">
			<reportName>List of  AD Group Member Details</reportName>
			<discription>Get Datapower member group details</discription>
			<discriptionDetail>This report provides the list of all AD Groups and its members associated to devices </discriptionDetail>
			<reportURI>datapowerMembers</reportURI>
			<reportTrans>local://ondisk/services/Reports02/datapowerMembers.xsl</reportTrans>
			<groupDns>
				<collections>
					<item>CN=AU IBM Datapower Appliance Administrators (Ad),OU=Admin Groups,OU=ANZ Security Objects, DC=eCom, DC=eCorp, DC=anz, DC=com</item>
					<item>CN=AU IBM Datapower AURETAIL Service Administrators (Ad),OU=Admin Groups,OU=ANZ Security Objects, DC=eCom, DC=eCorp, DC=anz, DC=com</item>
					<item>CN=AU IBM Datapower HSM Administrators (Ad),OU=Admin Groups,OU=ANZ Security Objects, DC=eCom, DC=eCorp, DC=anz, DC=com</item>
					<item>CN=AU IBM Datapower Service Administrators (Ad),OU=Admin Groups,OU=ANZ Security Objects, DC=eCom, DC=eCorp, DC=anz, DC=com</item>
					<item>CN=AU IBM Datapower Service Developers (Ad),OU=Admin Groups,OU=ANZ Security Objects, DC=eCom, DC=eCorp, DC=anz, DC=com</item>
					<item>CN=AU IBM Datapower Service Developers Administrators (Ad),OU=Admin Groups,OU=ANZ Security Objects, DC=eCom, DC=eCorp, DC=anz, DC=com</item>
				</collections>
			</groupDns>
		</report>
		<report name="listDisabledObjects">
			<reportName>Get list of all non-working  service components</reportName>
			<discription>Get list of all disabled objects</discription>
			<discriptionDetail>This report provides the list of disabled or not working components/services</discriptionDetail>
			<reportURI>listDisabledObjects</reportURI>
			<reportTrans>local://ondisk/services/Reports02/listDisabledObjects.xsl</reportTrans>
		</report>
		<!--<report name="listErrorObjects">
			<reportName>Get List of problem objects</reportName>
			<discription>Get List of problem objects</discription>
			<discriptionDetail>discriptionDetail</discriptionDetail>
			<reportURI>listErrorObjects</reportURI>
			<reportTrans>local://ondisk/services/Reports02/listErrorObjects.xsl</reportTrans>
		</report>-->
		<report name="listOfServices">
			<reportName>Get list of all application services</reportName>
			<discription>Get list of  services</discription>
			<discriptionDetail>This report provides the list of all application sevices which are currently running on a specific domain along with its status</discriptionDetail>
			<reportURI>listOfServices</reportURI>
			<reportTrans>local://ondisk/services/Reports02/listOfServices.xsl</reportTrans>
			<reportObjects>
				<reportObject>MultiProtocolGateway</reportObject>
			</reportObjects>
		</report>
		<report name="listOfProtocallHandlers">
			<reportName>Get list of Front Side Handler</reportName>
			<discription>Get list of FSH</discription>
			<discriptionDetail>This report provides the list of all application Front Side Handlers (FSH) along with its protocol.FSH are the input/request protocol handler for its appliaction.</discriptionDetail>
			<reportURI>listOfProtocallHandlers</reportURI>
			<reportTrans>local://ondisk/services/Reports02/listOfProtocallHandlers.xsl</reportTrans>
			<reportObjects>
				<reportObject>HTTPSSourceProtocolHandler</reportObject>
				<reportObject>HTTPSourceProtocolHandler</reportObject>
				<reportObject>MQSourceProtocolHandler</reportObject>
			</reportObjects>
		</report>
		<!--Change by Ankit -->
		<report name="listMQObjects">
			<reportName>Get list of Datapower Queue Manager objects</reportName>
			<discription>Get list of MQQM objects</discription>
			<discriptionDetail>This report provides the list of Datapower Queue Manager objects which acts  as client to remote gateway queue manager</discriptionDetail>
			<reportURI>listMQObjects</reportURI>
			<reportTrans>local://ondisk/services/Reports02/listMQObjects.xsl</reportTrans>
		</report>
		<report name="listSSLinfo">
			<reportName>Get list of all SSL objects</reportName>
			<discription>Get list of SSL objects</discription>
			<discriptionDetail>This report provides the list of all SSL objects in the selected domain</discriptionDetail>
			<reportURI>listSSLinfo</reportURI>
			<reportTrans>local://ondisk/services/Reports02/listSSLinfo.xsl</reportTrans>
		</report>
		<report name="memoryStatus">
			<reportName>Get memory status of Datapower appliance</reportName>
			<discription>Get memory status</discription>
			<discriptionDetail>This report provides the current snapshot of application memory status</discriptionDetail>
			<reportURI>memoryStatus</reportURI>
			<reportTrans>local://ondisk/services/Reports02/memoryStatus.xsl</reportTrans>
		</report>
		<report name="tcpTest">
			<reportName>Do TCP connection test</reportName>
			<discription>Do TCP ping test</discription>
			<discriptionDetail>This report provides the TCP connection test  to a remote host using IP address or host name with port number</discriptionDetail>
			<reportURI>tcpTest</reportURI>
			<reportTrans>local://ondisk/services/Reports02/tcpTest.xsl</reportTrans>
		</report>
		<!--<report name="GCISStatistics">
			<reportName>Get GCISS statistics</reportName>
			<discription>Get GCISS statistics</discription>
			<discriptionDetail>discriptionDetail</discriptionDetail>
			<reportURI>GCISStatistics</reportURI>
			<reportTrans>local://ondisk/services/Reports02/GCISStatistics.xsl</reportTrans>
		</report>
		<report name="SSIDeployedTag">
			<reportName>Get SSI deployed tag details</reportName>
			<discription>Get SSI deployed tag details</discription>
			<discriptionDetail>discriptionDetail</discriptionDetail>
			<reportURI>SSIDeployedTag</reportURI>
			<reportTrans>local://ondisk/services/Reports02/SSIDeployedTag.xsl</reportTrans>
		</report>-->
		<report name="SSIServiceDeployed">
			<reportName>Get list of application services using SSP</reportName>
			<discription>Get services using  SSP</discription>
			<discriptionDetail> This report provides the  list of application services using  a particular SSP </discriptionDetail>
			<reportURI>SSIServiceDeployed</reportURI>
			<reportTrans>local://ondisk/services/Reports02/SSIServiceDeployed.xsl</reportTrans>
		</report>
		<report name="dpEvents">
			<reportName>Get list of all Datapower events</reportName>
			<discription>Get Datapower events</discription>
			<discriptionDetail>This report provides the Datapower events occuring on the specified appliance.</discriptionDetail>
			<reportURI>dpEvents</reportURI>
			<reportTrans>local://ondisk/services/Reports02/dpEvents.xsl</reportTrans>
		</report>
	</reportList>
</reportManifest>
