<service name="SSMQRqRply_Xml01" version="01">	

	<action name="STRIP-SOAP">local://ondisk/common/utils/stripSoapEnvelope.xsl</action>
	<action name="ADD-SOAP">local://ondisk/common/utils/addSoapEnvelope.xsl</action>
	<action name="NULL-TRANSFORM">local://ondisk/common/utils/copyTemplate.xsl</action>
	<action name="HTTP-RQHEADER-HANDLER">local://ondisk/common/utils/httpRqHeaderHandler05.xsl</action>
	<action name="HTTP-RSHEADER-HANDLER">local://ondisk/common/utils/httpRsHeaderHandler03.xsl</action>
	<action name="MQ-RQHEADER-HANDLER">local://ondisk/common/utils/mqRqHeaderHandler02.xsl</action>
	<action name="MQ-RSHEADER-HANDLER">local://ondisk/common/utils/mqRsHeaderHandler01.xsl</action>
	<action name="JMS-RQHEADER-HANDLER">local://ondisk/common/utils/jmsRqHeaderHandler01.xsl</action>
	<action name="SSI-URI-HANDLER">local://ondisk/common/utils/SsiUriHandler01.xsl</action>
	
</service>