<?xml version="1.0" encoding="UTF-8"?>
<gatewaypattern name="EasyTransactMQB2BGateway" version="01">
	<service name="EXIT">
		<RoutingUrl>dpmq://DatapowerGW_MQQueueManagerGroup/?RequestQueue=PMIT.BS.ARSA.ET.ETSPRANNTCUSTEXIT1;ReplyQueue=PWSDP.B2B.ET.EASYTRANSACTMQB2BGATEWAY.REQUEST</RoutingUrl>
		<SchemaFilePath>local:///ondisk/services/EasyTransactMQB2BGateway/01/Schema/SmartChoice_SuperChoiceMessageSchema.xsd</SchemaFilePath>
		<ConsumerRoutingUrl>dpmq://MQQueueManagerGroup_EasyTransact/?RequestQueue=SC.TO.ANZSMART.PROD.QUEUE;ReplyQueue=ANZSMART.TO.SC.PROD.QUEUE</ConsumerRoutingUrl>
	</service>
	<service name="EXIT-REPLY">
		<RoutingUrl>dpmq://DatapowerGW_MQQueueManagerGroup/?RequestQueue=PMIT.BS.ARSA.ET.ETSPRANNTCUSTEXIT1;ReplyQueue=PWSDP.B2B.ET.EASYTRANSACTMQB2BGATEWAY.REQUEST</RoutingUrl>
		<SchemaFilePath>local:///ondisk/services/EasyTransactMQB2BGateway/01/Schema/SmartChoice_SuperChoiceMessageSchema.xsd</SchemaFilePath>
		<ConsumerRoutingUrl>dpmq://MQQueueManagerGroup_EasyTransact/?RequestQueue=SC.TO.ANZSMART.PROD.QUEUE;ReplyQueue=ANZSMART.TO.SC.PROD.QUEUE</ConsumerRoutingUrl>
	</service>
	<service name="NEWMEMBER">
		<RoutingUrl>dpmq://DatapowerGW_MQQueueManagerGroup/?RequestQueue=PMIT.BS.ARSA.ET.ETSPRANNTCUSTORIG1;ReplyQueue=PWSDP.B2B.ET.EASYTRANSACTMQB2BGATEWAY.REQUEST</RoutingUrl>
		<SchemaFilePath>local:///ondisk/services/EasyTransactMQB2BGateway/01/Schema/SmartChoice_SuperChoiceMessageSchema.xsd</SchemaFilePath>
		<ConsumerRoutingUrl>dpmq://MQQueueManagerGroup_EasyTransact/?RequestQueue=SC.TO.ANZSMART.PROD.QUEUE;ReplyQueue=ANZSMART.TO.SC.PROD.QUEUE</ConsumerRoutingUrl>
	</service>
	<service name="NEWMEMBER-REPLY">
		<RoutingUrl>dpmq://DatapowerGW_MQQueueManagerGroup/?RequestQueue=PMIT.BS.ARSA.ET.ETSPRANNTCUSTORIG1;ReplyQueue=PWSDP.B2B.ET.EASYTRANSACTMQB2BGATEWAY.REQUEST</RoutingUrl>
		<SchemaFilePath>local:///ondisk/services/EasyTransactMQB2BGateway/01/Schema/SmartChoice_SuperChoiceMessageSchema.xsd</SchemaFilePath>
		<ConsumerRoutingUrl>dpmq://MQQueueManagerGroup_EasyTransact/?RequestQueue=SC.TO.ANZSMART.PROD.QUEUE;ReplyQueue=ANZSMART.TO.SC.PROD.QUEUE</ConsumerRoutingUrl>
	</service>
	<service name="MEMBERAMEND">
		<RoutingUrl>dpmq://DatapowerGW_MQQueueManagerGroup/?RequestQueue=PMIT.BS.ARSA.ET.ETSPRANNTCUSTUPD1;ReplyQueue=PWSDP.B2B.ET.EASYTRANSACTMQB2BGATEWAY.REQUEST</RoutingUrl>
		<SchemaFilePath>local:///ondisk/services/EasyTransactMQB2BGateway/01/Schema/SmartChoice_SuperChoiceMessageSchema.xsd</SchemaFilePath>
		<ConsumerRoutingUrl>dpmq://MQQueueManagerGroup_EasyTransact/?RequestQueue=SC.TO.ANZSMART.PROD.QUEUE;ReplyQueue=ANZSMART.TO.SC.PROD.QUEUE</ConsumerRoutingUrl>
	</service>
	<service name="MEMBERAMEND-REPLY">
		<RoutingUrl>dpmq://DatapowerGW_MQQueueManagerGroup/?RequestQueue=PMIT.BS.ARSA.ET.ETSPRANNTCUSTUPD1;ReplyQueue=PWSDP.B2B.ET.EASYTRANSACTMQB2BGATEWAY.REQUEST</RoutingUrl>
		<SchemaFilePath>local:///ondisk/services/EasyTransactMQB2BGateway/01/Schema/SmartChoice_SuperChoiceMessageSchema.xsd</SchemaFilePath>
		<ConsumerRoutingUrl>dpmq://MQQueueManagerGroup_EasyTransact/?RequestQueue=SC.TO.ANZSMART.PROD.QUEUE;ReplyQueue=ANZSMART.TO.SC.PROD.QUEUE</ConsumerRoutingUrl>
	</service>
	<service name="CONTRIB">
		<RoutingUrl>dpmq://DatapowerGW_MQQueueManagerGroup/?RequestQueue=PMIT.BS.ARSA.ET.ETSPRANNTADDCONTRIB1;ReplyQueue=PWSDP.B2B.ET.EASYTRANSACTMQB2BGATEWAY.REQUEST</RoutingUrl>
		<SchemaFilePath>local:///ondisk/services/EasyTransactMQB2BGateway/01/Schema/SmartChoice_SuperChoiceMessageSchema.xsd</SchemaFilePath>
		<ConsumerRoutingUrl>dpmq://MQQueueManagerGroup_EasyTransact/?RequestQueue=SC.TO.ANZSMART.PROD.QUEUE;ReplyQueue=ANZSMART.TO.SC.PROD.QUEUE</ConsumerRoutingUrl>
	</service>
	<service name="CONTRIB-REPLY">
		<RoutingUrl>dpmq://DatapowerGW_MQQueueManagerGroup/?RequestQueue=PMIT.BS.ARSA.ET.ETSPRANNTADDCONTRIB1;ReplyQueue=PWSDP.B2B.ET.EASYTRANSACTMQB2BGATEWAY.REQUEST</RoutingUrl>
		<SchemaFilePath>local:///ondisk/services/EasyTransactMQB2BGateway/01/Schema/SmartChoice_SuperChoiceMessageSchema.xsd</SchemaFilePath>
		<ConsumerRoutingUrl>dpmq://MQQueueManagerGroup_EasyTransact/?RequestQueue=SC.TO.ANZSMART.PROD.QUEUE;ReplyQueue=ANZSMART.TO.SC.PROD.QUEUE</ConsumerRoutingUrl>
	</service>
	<service name="PAYMENT">
		<RoutingUrl>dpmq://DatapowerGW_MQQueueManagerGroup/?RequestQueue=PMIT.BS.ARSA.ET.ETSPRANNTADDCONTRIB1;ReplyQueue=PWSDP.B2B.ET.EASYTRANSACTMQB2BGATEWAY.REQUEST</RoutingUrl>
		<SchemaFilePath>local:///ondisk/services/EasyTransactMQB2BGateway/01/Schema/SmartChoice_SuperChoiceMessageSchema.xsd</SchemaFilePath>
		<ConsumerRoutingUrl>dpmq://MQQueueManagerGroup_EasyTransact/?RequestQueue=SC.TO.ANZSMART.PROD.QUEUE;ReplyQueue=ANZSMART.TO.SC.PROD.QUEUE</ConsumerRoutingUrl>
	</service>
	<service name="memberSyncRequest">
		<RoutingUrl>dpmq://DatapowerGW_MQQueueManagerGroup/?RequestQueue=PMIT.BS.ARSA.ET.ETSPRANNTCUSTADDRES1;ReplyQueue=PWSDP.B2B.ET.EASYTRANSACTMQB2BGATEWAY.REQUEST</RoutingUrl>
		<SchemaFilePath>local:/ondisk/services/EasyTransactMQB2BGateway/01/Schema/integration/v1/member/memberSyncService.xsd</SchemaFilePath>
		<ConsumerRoutingUrl>dpmq://MQQueueManagerGroup_EasyTransact/?RequestQueue=SC.TO.ANZ.PROD.SYNC;ReplyQueue=ANZ.TO.SC.PROD.SYNC</ConsumerRoutingUrl>
	</service>
	<service name="memberSyncResponse">
		<RoutingUrl>dpmq://DatapowerGW_MQQueueManagerGroup/?RequestQueue=PMIT.BS.ARSA.ET.ETSPRANNTCUSTADDRES1;ReplyQueue=PWSDP.B2B.ET.EASYTRANSACTMQB2BGATEWAY.REQUEST</RoutingUrl>
		<SchemaFilePath>local:/ondisk/services/EasyTransactMQB2BGateway/01/Schema/integration/v1/member/memberSyncService.xsd</SchemaFilePath>
		<ConsumerRoutingUrl>dpmq://MQQueueManagerGroup_EasyTransact/?RequestQueue=SC.TO.ANZ.PROD.SYNC;ReplyQueue=ANZ.TO.SC.PROD.SYNC</ConsumerRoutingUrl>
	</service>
	<clientRqLogEnable>Y</clientRqLogEnable>
	<clientRqLogDetailEnable>N</clientRqLogDetailEnable>
	<clientResLogEnable>Y</clientResLogEnable>
	<clientResLogDetailEnable>N</clientResLogDetailEnable>
	<providerRqLogEnable>Y</providerRqLogEnable>
	<providerRqLogDetailEnable>N</providerRqLogDetailEnable>
	<providerResLogEnable>Y</providerResLogEnable>
	<providerResLogDetailEnable>N</providerResLogDetailEnable>
	<errorLogEnable>Y</errorLogEnable>
	<errorLogDetailEnable>Y</errorLogDetailEnable>
	<logRuleName>ANZDP_Log_rule_0</logRuleName>
</gatewaypattern>
