<?xml version="1.0" encoding="UTF-8"?>
<configs processForContextRoot="false">
	<!--
	POST
	/credential/challenge/generate
	-->
	<config serviceURI="^/credential/challenge/generate$" method="POST">
		<routingURL>http://127.0.0.1:8300</routingURL>
		<consumer>DSPHub</consumer>
		<target>challengeInfo</target>
		<operationName>challengeInfo</operationName>
	</config>
	<!-- 
	POST
	/credential/challenge/verify -->
	<config serviceURI="^/credential/challenge/verify$" method="POST">
		<routingURL>http://127.0.0.1:8300</routingURL>
		<consumer>DSPHub</consumer>
		<target>verifyChallengeInfo</target>
		<operationName>verifyChallengeInfo</operationName>
	</config>
</configs>