<?xml version="1.0" encoding="UTF-8"?>
<configs processForContextRoot="false">
	<!--
	GET
	/person/document/ocrdata
	/person/identity/state
	/person/identity/email
	-->
	<config serviceURI="^/person/identity/(state|ocrdata)$" method="GET">
		<routingURL>http://127.0.0.1:8300</routingURL>
		<consumer>DSPJoin</consumer>
		<target>personInfo</target>
		<operationName>personInfo</operationName>
	</config>
	<!--
	PUT
	/person/email
	-->
	<config serviceURI="^/person/email$" method="PUT">
		<routingURL>http://127.0.0.1:8300</routingURL>
		<consumer>DSPHub</consumer>
		<target>updatePersonEmail</target>
		<operationName>updatePersonEmail</operationName>
	</config>
	<!--
	POST
	/person/logout 
	-->
	<config serviceURI="^/person/logout$" method="POST">
		<routingURL>http://127.0.0.1:8300</routingURL>
		<consumer>DSPHub</consumer>
		<target>personLogout</target>
		<operationName>personLogout</operationName>
	</config>
	<!--
	GET
	/person/info
	/person/contacts
	/person/devices 
	-->
	<config serviceURI="^/person/[\w]+$" method="GET">
		<routingURL>http://127.0.0.1:8300</routingURL>
		<consumer>DSPHub</consumer>
		<target>personDetails</target>
		<operationName>personDetails</operationName>
	</config>
	<!--
	PUT
	/person/prefName
	/person/contacts 
	/person/marketingAcceptance
	/person/updatePin
	/person/updatePassword
	/person/device
	-->
	<config serviceURI="^/person/[\w]+$" method="PUT">
		<routingURL>http://127.0.0.1:8300</routingURL>
		<consumer>DSPHub</consumer>
		<target>updatePersonInfo</target>
		<operationName>updatePersonInfo</operationName>
	</config>
	<!--
	POST
	/person/identity
	/person/identity/verification
	/person/identity/email
	-->
	<config serviceURI="^/person/[\w]+" method="POST">
		<routingURL>http://127.0.0.1:8300</routingURL>
		<consumer>DSPJoin</consumer>
		<target>personIdentity</target>
		<operationName>personIdentity</operationName>
	</config>
</configs>