<?xml version="1.0" encoding="UTF-8"?>
<configs processForContextRoot="false">
	<!--
	POST
	/register/person/device
	/register/pin/set
	/register/otp/generate
	/register/person/identifier
	-->
	<config serviceURI="^/register/[\w]+/[\w]+$" method="POST">
		<routingURL>http://127.0.0.1:8300</routingURL>
		<consumer>DSPReg</consumer>
		<target>registration</target>
		<operationName>registration</operationName>
	</config>
	<!-- 
	PUT
	/register/otp/verify
	/register/pin/verify
	-->
	<config serviceURI="^/register/[\w]+/verify$" method="PUT">
		<routingURL>http://127.0.0.1:8300</routingURL>
		<consumer>DSPReg</consumer>
		<target>verifyRegistration</target>
		<operationName>verifyRegistration</operationName>
	</config>
</configs>