<?xml version="1.0" encoding="UTF-8"?>
<configs processForContextRoot="false">
	<!-- PUT - /[\w-]+/enable -->
	<config serviceURI="^/users/[\w-]+/enable" method="PUT">
		<routingURL>http://127.0.0.1:8006</routingURL>
		<consumer>dsp</consumer>
		<target>enableusers</target>
		<operationName>enableusers</operationName>
	</config>
	<!-- PUT - /[\w-]+/enable -->
	<config serviceURI="^/users/[\w-]+/disable" method="PUT">
		<routingURL>http://127.0.0.1:8006</routingURL>
		<consumer>dsp</consumer>
		<target>disableusers</target>
		<operationName>disableuser</operationName>
	</config>
	<!--POST - /users/dsp/createcredential -->
	<config serviceURI="^/users/credentials/createcredential" method="POST">
		<routingURL>http://127.0.0.1:8006</routingURL>
		<consumer>dsp</consumer>
		<target>createcredential</target>
		<operationName>createcredential</operationName>
	</config>
	<!--POST - /users/dsp/searchuser-->
	<config serviceURI="^/users/credentials/searchuser" method="POST">
		<routingURL>http://127.0.0.1:8006</routingURL>
		<consumer>dsp</consumer>
		<target>searchuser</target>
		<operationName>searchuser</operationName>
	</config>
	<!-- PUT - /users/dsp/resetotp-->
	<config serviceURI="^/users/credentials/resetotp" method="PUT">
		<routingURL>http://127.0.0.1:8006</routingURL>
		<consumer>dsp</consumer>
		<target>resetotp</target>
		<operationName>resetotp</operationName>
	</config>
	<!--POST - /users/{SIID}/generatecustomerotp-->
	<config serviceURI="^/users/[\w-]+/generatecustomerotp" method="POST">
		<routingURL>http://127.0.0.1:8300</routingURL>
		<consumer>dsp</consumer>
		<target>generatecustomerotp</target>
		<operationName>generatecustomerotp</operationName>
	</config>
	<!--POST - /users/{SIID}/dereg-->
	<config serviceURI="^/users/[\w-]+/deregisteruser" method="PUT">
		<routingURL>http://127.0.0.1:8006</routingURL>
		<consumer>dsp</consumer>
		<target>deregisteruser</target>
		<operationName>deregisteruser</operationName>
	</config>
	<!--POST - /users/{CRN}/updatecrn-->
	<config serviceURI="^/users/[\w-]+/updatecrn" method="PUT">
		<routingURL>http://127.0.0.1:8006</routingURL>
		<consumer>dsp</consumer>
		<target>updatecrn</target>
		<operationName>updatecrn</operationName>
	</config>
	<!--POST - /users/{SIUserID}/updatesiid-->
	<config serviceURI="^/users/[\w-]+/updatesiid" method="POST">
		<routingURL>http://127.0.0.1:8006</routingURL>
		<consumer>dsp</consumer>
		<target>updatesiid</target>
		<operationName>updatesiid</operationName>
	</config>
	<!--PUT- /users/{SIUserID}/unlocksi-->
	<config serviceURI="^/users/[\w-]+/unlocksi" method="PUT">
		<routingURL>http://127.0.0.1:8006</routingURL>
		<consumer>dsp</consumer>
		<target>unlocksi</target>
		<operationName>unlocksi</operationName>
	</config>
</configs>