<?xml version="1.0" encoding="UTF-8"?>
<configs processForContextRoot="false">
	<config serviceURI="/product/investments/shares/applications" method="GET">
		<routingURL>http://127.0.0.1:8311</routingURL>
		<consumer>CSP</consumer>
		<target>CSPGetApplication</target>
		<operationName>GetApplication</operationName>
	</config>
	<config serviceURI="/product/investments/shares/application-template" method="GET">
		<routingURL>http://127.0.0.1:8311</routingURL>
		<consumer>CSP</consumer>
		<target>CSPGetApplicationTemplate</target>
		<operationName>GetApplicationTemplate</operationName>
	</config>
	<config serviceURI="/product/investments/shares/applications/[\w-]+/states/current " method="GET">
		<routingURL>http://127.0.0.1:8311</routingURL>
		<consumer>CSP</consumer>
		<target>CSPGetApplicationStatus</target>
		<operationName>GetApplicationStatus</operationName>
	</config>
	<!--GET /orders/{id}/states -->
	<config serviceURI="/product/investments/shares/orders/[\w-]+/states" method="GET">
		<routingURL>http://127.0.0.1:8311</routingURL>
		<consumer>CSP</consumer>
		<target>CSPOrderStatesByKey</target>
		<operationName>RetrieveOrderStates</operationName>
	</config>
	<!--POST /orders/{id}/states -->
	<config serviceURI="/product/investments/shares/orders/[\w-]+/states" method="POST">
		<routingURL>http://127.0.0.1:8311</routingURL>
		<consumer>CSP</consumer>
		<target>CSPOrderStatesByKey</target>
		<operationName>CreateOrderStates</operationName>
	</config>
</configs>
