<?xml version="1.0" encoding="UTF-8"?>
<logConfig>
	<!-- ALL/NONE/FRONT/BACK -->
	<log-enabled value="ALL"/>
	<!-- Y/N -->
	<detail-log-enabled value="Y"/>
	<masking isMaskRequire="Y">
		<logpoint id="service_req">
			<maskPattern attribute="detail" startPosition="19" numOfChars="12">(encryptedPINBlock>[0-9]+)</maskPattern>
		</logpoint>
		<logpoint id="service_reqcf">
			<maskPattern attribute="detail" startPosition="19" numOfChars="12">(encryptedPINBlock>[0-9]+)</maskPattern>
		</logpoint>
		<logpoint id="msl_req">
			<maskPattern attribute="detail" startPosition="19" numOfChars="12">(encryptedPINBlock>[0-9]+)</maskPattern>
		</logpoint>
	</masking>
</logConfig>

