<?xml version="1.0" encoding="UTF-8"?>
<logConfig>
	<!-- ALL/NONE/FRONT/BACK -->
	<log-enabled value="ALL"/>
	<!-- Y/N -->
	<detail-log-enabled value="Y"/>
<masking isMaskRequire="Y">
		<logpoint id="OtpManager_res">
			<maskPattern attribute="detail" startPosition="5" numOfChars="12">(otp>[0-9]+)</maskPattern>
		</logpoint>
		<logpoint id="service_rescf">
			<maskPattern attribute="detail" startPosition="5" numOfChars="12">(otp>[0-9]+)</maskPattern>
		</logpoint>
		<logpoint id="service_res">
			<maskPattern attribute="detail" startPosition="5" numOfChars="12">(otp>[0-9]+)</maskPattern>
		</logpoint>
	</masking>
	</logConfig>
