<logConfig>
	<!-- ALL/NONE/FRONT/BACK -->
	<log-enabled value="ALL"/>
	<!-- Y/N -->
	<detail-log-enabled value="Y"/>
	<!-- Y/N -->
	<slim-log-enabled value="N"/>
	<masking isMaskRequire="Y">
      	<logpoint id="ServiceReq_In">
			<maskPattern attribute="detail" startPosition="15" numOfChars="6">("accountBSB":"[0-9]+)</maskPattern>
			<maskPattern attribute="detail" startPosition="18" numOfChars="8">("accountNumber":"[0-9]+)</maskPattern>
		</logpoint>
		<logpoint id="ServiceReq_Out">
			<maskPattern attribute="detail" startPosition="15" numOfChars="6">("accountBSB":"[0-9]+)</maskPattern>
			<maskPattern attribute="detail" startPosition="18" numOfChars="8">("accountNumber":"[0-9]+)</maskPattern>
		</logpoint>
	</masking>
</logConfig>
