<logConfig>
	<!-- ALL/NONE/FRONT/BACK -->
	<log-enabled value="ALL"/>
	<!-- Y/N -->
	<detail-log-enabled value="Y"/>
	<!-- Y/N -->
	<slim-log-enabled value="N"/>
	<masking isMaskRequire="Y">
		<logpoint id="FileNet_AddDocument_req">
		 	<!-- <maskPattern attribute="detail" startPosition="10" numOfChars="8">(Username>[\w]+&lt;)</maskPattern>  -->   
		       <maskPattern attribute="detail" startPosition="15" numOfChars="6">(PasswordText">[\w]+\^)</maskPattern> 
		</logpoint>
	</masking>
</logConfig>
