<logConfig>
	<!-- ALL/NONE/FRONT/BACK -->
	<log-enabled value="ALL"/>
	<!-- Y/N -->
	<detail-log-enabled value="Y"/>
	<!-- Y/N -->
	<slim-log-enabled value="N"/>
	<masking isMaskRequire="Y">
		<logpoint id="service_req">
			<maskPattern attribute="uri" startPosition="10" numOfChars="10">(UserName=[\w\s]+)</maskPattern>
			<maskPattern attribute="uri" startPosition="10" numOfChars="15">(Password=[\w\s]+)</maskPattern>
		</logpoint>
		<logpoint id="service_reqcf">
			<maskPattern attribute="uri" startPosition="10" numOfChars="10">(UserName=[\w\s]+)</maskPattern>
			<maskPattern attribute="uri" startPosition="10" numOfChars="15">(Password=[\w\s]+)</maskPattern>
		</logpoint>
		<logpoint id="Siebel_req">
			<maskPattern attribute="uri" startPosition="10" numOfChars="10">(UserName=[\w\s]+)</maskPattern>
			<maskPattern attribute="uri" startPosition="10" numOfChars="15">(Password=[\w\s]+)</maskPattern>
		</logpoint>
		<logpoint id="Siebel_res">
			<maskPattern attribute="uri" startPosition="10" numOfChars="10">(UserName=[\w\s]+)</maskPattern>
			<maskPattern attribute="uri" startPosition="10" numOfChars="15">(Password=[\w\s]+)</maskPattern>
		</logpoint>
		<logpoint id="service_rescf">
			<maskPattern attribute="uri" startPosition="10" numOfChars="10">(UserName=[\w\s]+)</maskPattern>
			<maskPattern attribute="uri" startPosition="10" numOfChars="15">(Password=[\w\s]+)</maskPattern>
		</logpoint>
		<logpoint id="service_res">
			<maskPattern attribute="uri" startPosition="10" numOfChars="10">(UserName=[\w\s]+)</maskPattern>
			<maskPattern attribute="uri" startPosition="10" numOfChars="15">(Password=[\w\s]+)</maskPattern>
		</logpoint>
		<logpoint id="error_req">
			<maskPattern attribute="uri" startPosition="10" numOfChars="10">(UserName=[\w\s]+)</maskPattern>
			<maskPattern attribute="uri" startPosition="10" numOfChars="15">(Password=[\w\s]+)</maskPattern>
		</logpoint>
		<logpoint id="error_res">
			<maskPattern attribute="uri" startPosition="10" numOfChars="10">(UserName=[\w\s]+)</maskPattern>
			<maskPattern attribute="uri" startPosition="10" numOfChars="15">(Password=[\w\s]+)</maskPattern>
		</logpoint>
	</masking>
</logConfig>