<?xml version="1.0" encoding="UTF-8"?>
<businessEvent name="CaseManagement" version="01" type="RequestReply" enabled="true" conditionalRouting="false">
	<LogRule>Common_Log_Rule02</LogRule>
	<sourceConfig>
		<request>
			<actions>
				<action name="AAA" enabled="N">AU RetailSH BS CaseManagement</action>
			</actions>
			<scTransform/>
		</request>
		<response>
			<actions>
			</actions>
			<csTransform/>
		</response>
		<errorConfig>
			<errorHandler stylesheet="local://ondisk/services/SSI/configuration/IB/CaseManagement_1.0/GET/ErrorHandler.xsl">
				<params>
					<errContentType>application/json</errContentType>
				</params>
			</errorHandler>
		</errorConfig>
	</sourceConfig>
	<targetConfig name="CSP-IB">
		<request>
			<ctTransform/>
			<actions>				
			</actions>
			<endpointConfig>
				<uri type="uri-in"/>
				<targetSystem>CSPIB</targetSystem>
				<timeout>9</timeout>
			</endpointConfig>
		</request>
		<response>
			<tcTransform/>
		</response>
	</targetConfig>
	<logConfig>
		<operationName>RetrieveCase_01</operationName>
	</logConfig>
</businessEvent>