<?xml version="1.0" encoding="UTF-8"?>
<businessEvent name="CreateCRN" version="01" type="RequestReply" enabled="true" conditionalRouting="false">
	<LogRule>Common_Log_Rule02</LogRule>
	<sourceConfig>
		<request>
			<actions>
				<action name="AAA" enabled="Y">AU ChnlSH CreateCRN Service Accounts (Ad)</action>
				<action name="VALIDATE-HEADERS" enabled="true">
					<header name="RequestID" required="true"/>
					<header name="ANZ-Application-ID" required="true"/>
				</action>
			</actions>
			<scTransform/>
		</request>
		<response>
			<actions>
				<!--<action name="HTTP-RSHEADER-HANDLER">
					<method>GET</method>
					<header name="Content-Type" value="application/json" valueType="set"/>
				</action>-->
			</actions>
			<csTransform/>
		</response>
		<errorConfig>
			<errorHandler stylesheet="local://ondisk/services/SSI/configuration/CSP/CreateCRN_1.0/POST/ErrorHandler.xsl">
				<params>
					<!--<errContentType>application/vnd.mcp-anz.com+json_version_1.0</errContentType>-->
					<errContentType>application/json</errContentType>
				</params>
			</errorHandler>
		</errorConfig>
	</sourceConfig>
	<targetConfig name="CSP">
		<request>
			<actions>
				<action type="custom">local:/ondisk/services/SSI/transform/CSP/CreateCRN_1.0/POST/CreateCRN_Req.xsl</action>
			</actions>
			<ctTransform/>
			<endpointConfig>
				<staticUri>/api/customerservicev2</staticUri>
				<uri type="uri-in"/>
				<targetSystem>CSPPEGA</targetSystem>
				<timeout>30</timeout>
			</endpointConfig>
		</request>
		<response>
			<tcTransform/>
		</response>
	</targetConfig>
	<logConfig>
		<operationName>CreateCRN_01</operationName>
	</logConfig>
</businessEvent>
