<?xml version="1.0" encoding="UTF-8"?>
<businessEvent name="PLCCOrderStateDataByKey" version="01" type="RequestReply" enabled="true" conditionalRouting="false">
	<LogRule>Common_Log_Rule02</LogRule>
	<sourceConfig>
		<request>
			<actions>
				<action type="custom">local://ondisk/services/SSI/transform/CSP/GenerateCSPToken.xsl</action>
				<action name="AAA" enabled="N">AU RetailSH RetrieveAddressSearch Service Accounts (Ad)</action>
			</actions>
			<scTransform>CSP/CSPOrderStatesByKey_1.0/POST/CreateCustStateByRefId_Req.xsl</scTransform>
		</request>
		<response>
			<actions>
				<action name="HTTP-RSHEADER-HANDLER">
					<header name="Content-Type" value="application/vnd.wna-anz.com+json;version=1.0" valueType="set"/>
					<header name="requestId" valueType="copy"/>
				</action>
				<!--<action type="custom">store:/jsonx2json.xsl</action>-->
				<action type="custom">local://ondisk/services/SSI/transform/CSP/CSPOrderStatesByKey_1.0/POST/CreateCustStateByRefId_Rs.xsl</action>
			</actions>
			<csTransform/>
		</response>
		<errorConfig>
			<errorHandler stylesheet="local:/ondisk/services/SSI/configuration/CSP/CSPOrderStatesByKey_1.0/POST/ErrorHandler.xsl">
				<params>
					<errContentType>application/vnd.wna-anz.com+json;version=1.0</errContentType>
				</params>
			</errorHandler>
		</errorConfig>
	</sourceConfig>
	<targetConfig name="CSP">
		<request>
			<ctTransform/>
			<actions>
				<action name="MQ-RQHEADER-HANDLER">
					<msgExpiry>110</msgExpiry>
					<msgPersistence>0</msgPersistence>
				</action>
			</actions>
			<endpointConfig>
				<uri>/?RequestQueue=PWSDP.CAR.CSP.MQROUTER.REQ;ReplyQueue=PWSDP.CAR.PLCC.EVRETRIEVEREFDATA.RSP</uri>
				<targetSystem>CSP</targetSystem>
				<timeout>85</timeout>
			</endpointConfig>
		</request>
		<response>
			<actions>
				<action/>
			</actions>
		</response>
		<tcTransform/>
	</targetConfig>
	<logConfig>
		<operationName>CreateOrderStates</operationName>
	</logConfig>
</businessEvent>
