<businessEvent name="GetFeedDataMOGO" version="v1" type="Request(Asynchronous)" enabled="true" conditionalRouting="false">
	<!--
	 	consumerConfig section defines 
	 		- actions to be applied on the request message received from consumer
	 		- actions to be applied on the response message sent to consumer
	 		- transform to be applied on the request message received from consumer
	 		- transform to be applied on the response message sent to consumer
	 		- Optional extender, which might require to be executed before the message being sent back to consumer.
	 		   
	 -->
	<sourceConfig>
		<ResRule>SSHTTPRqRplyOutward02_Res_Rule_JSON</ResRule>
		<ContentType>JSON</ContentType>
		<request>
			<actions>
				<Authorize enabled="N">
					<attribute-value name="member"/>
				</Authorize>
			</actions>
			<scTransform/>
			<sourceNamespace/>
			<respElementName/>
		</request>
		<response>
			<actions/>
			<csTransform/>
		</response>
		<!--	errorConfig section specifies the stylesheet to executed in case of an error. 
			Its provides option specifies the params to error stylesheet.
	 	 -->
		<errorConfig>
			<errorHandler stylesheet="local:/ondisk/services/SSI/configuration/mogo/getfeeddata_v1/ErrorHandler01.xsl">
				<params>
					<errElementName/>
					<errNamespace/>
				</params>
			</errorHandler>
		</errorConfig>
	</sourceConfig>
	<!--
		targetConfig section defines
			- actions to be applied on the request message sent to provider
	 		- actions to be applied on the response message received from provider
	 		- transform to be applied on the request message sent to provider
	 		- transform to be applied on the response message received from provider
	 		- provider endpoint configuration 
	 		- Optional extender, which might require to be executed before the message being sent to provider.
	-->
	<targetConfig name="MOGO">
		<ReqRule>SSHTTPRqRplyOutward02_Req_Rule_JSON</ReqRule>
		<ContentType>JSON</ContentType>
		<request>
			<actions>
				<!--<action name="HTTP-RQHEADER-HANDLER">
					<header name="Content-Type" valueType="copy"/>
				</action>-->
			</actions>
			<ctTransform/>
			<endpointConfig>
			        <uri>/application/feedData</uri>
				<targetSystem>MOGO</targetSystem>
				<timeout>60</timeout>
			</endpointConfig>
		</request>
		<response>
			<actions/>
			<tcTransform/>
		</response>
	</targetConfig>
	<logConfig>
		<operationName>mogo_GetFeedDataMOGO_v1</operationName>
		<msgID>//*[local-name()='RequestID']</msgID>
	</logConfig>
</businessEvent>