<businessEvent name="TradingHistory" version="v1" type="RequestReply" enabled="true" conditionalRouting="no">
	<!--
	Actions:
		The actions would apply the properties as defined in it.
	AVAILABLE ACTIONS:	
		STRIP-SOAP : Strips the SOAP Envelope
		SCHEMA-VALIDATE : Validates message against the specified schema
		ADD-SOAP : Adds the SOAP Envelope
		HTTP-RQHEADER-HANDLER : HTTP Request Header Handler, sets the header values as specified in the parameter <header>
		HTTP-RSHEADER-HANDLER : HTTP Response Header Handler, sets the header values as specified in the parameter <header>
	 	MQ-RQHEADER-HANDLER: MQ Request Header Handler
	 	
	 The system allows to define custom actions which to specify the complete style sheet path to be executed
		Ex: <action name="SetContext" type="custom">local://ondisk/services/SSXmltoXml/01/custom/TrdngAcctAdd_SetContext.xsl</action>
		
	 -->
	<!--
	 	consumerConfig section defines 
	 		- actions to be applied on the request message received from consumer
	 		- actions to be applied on the response message sent to consumer
	 		- transform to be applied on the request message received from consumer
	 		- transform to be applied on the response message sent to consumer
	 		- Optional extender, which might require to be executed before the message being sent back to consumer.
	 		   
	 -->
	<LogRule>Common_Log_Rule02</LogRule>
	<sourceConfig>
		<ResRule>SSHTTPRqRplyOutward02_Res_Rule_XML</ResRule>
		<ContentType>XML</ContentType>
		<request>
			<actions>
				<Authorize enabled="Y">
					<attribute-value name="member">CN=audpcdpsvc, OU=CDP, O=ANZ, L=Melbourne, ST=VIC, C=AU</attribute-value>
					<attribute-value name="member">CN=ANZ Global CA 01, DC=global, DC=anz, DC=com</attribute-value>
					<attribute-value name="member">CN=pce-cdpdev4.dev.anz, OU=CDP, O=ANZ, L=Melbourne, ST=VIC, C=AU</attribute-value>
					<attribute-value name="member">CN=x2cdptst1appdsa, OU=MSS, O=ANZ, L=Melbourne, S=VIC, C=AU</attribute-value>
					<attribute-value name="member">CN=X5cdpbaustappdsa@globaltest.anz.com, OU=CCR, O=ANZ, L=MELBOURNE, ST=VIC, C=AU</attribute-value>
				</Authorize>
			</actions>
			<scTransform/>
			<sourceNamespace/>
			<respElementName/>
		</request>
		<response>
			<actions/>
			<csTransform/>
		</response>
		<!--
			errorConfig section specifies the stylesheet to executed in case of an error. 
			Its provides option specifies the params to error stylesheet.
	 	 -->
		<errorConfig>
			<errorHandler stylesheet="local:/ondisk/services/SSI/configuration/defaultErrorHandler01.xsl">
				<params>
					<errElementName/>
					<errNamespace/>
				</params>
			</errorHandler>
		</errorConfig>
	</sourceConfig>
	<!--
		targetConfig section defines
			- actions to be applied on the request message sent to provider
	 		- actions to be applied on the response message received from provider
	 		- transform to be applied on the request message sent to provider
	 		- transform to be applied on the response message received from provider
	 		- provider endpoint configuration 
	 		- Optional extender, which might require to be executed before the message being sent to provider.
	-->
	<targetConfig name="DnB2">
		<ReqRule>SSHTTPRqRplyOutward02_Req_Rule_XML</ReqRule>
		<ContentType>XML</ContentType>
		<request>
		     <messageIdentifier stylesheet="local://ondisk/services/SSI/configuration/DnB/CDPTradingHistory_v1/MessageIdentifier.xsl"/>
			<actions>
				<!--<action name="HTTP-RQHEADER-HANDLER">
					
				<header name="Content-Type" valueType="copy"/>
					<header name="Accept" valueType="copy"/>
					<header name="User-Agent" valueType="copy"/>
				
				</action>-->
			</actions>
			<ctTransform/>
			<endpointConfig>
				<uri>/CBB2BService/CBB2BService.asmx</uri>
				<targetSystem>DnB2</targetSystem>
				<timeout>60</timeout>
			</endpointConfig>
		</request>
		<response>
			<actions/>
			<tcTransform/>
		</response>
	</targetConfig>
	<logConfig>
		<operationName>CDP_DnB_CDPTradingHistory_v1</operationName>
	</logConfig>
</businessEvent>