<gatewaypattern name="B2BMqGateway02" version="01">
	<common>
		<transformation>
			<requestxsl>local:///ondisk/services/B2BMqGateway02/01/core/B2BMqGateway_Encoded_Request_Process.xsl</requestxsl> 
			<responsexsl>local:///ondisk/services/B2BMqGateway02/01/core/B2BMqGateway_Encoded_Response_Process.xsl</responsexsl> 
		</transformation>
		<call-processing-rules>
			<requestrule>B2BMqGateway02_Policy_Request_Rule</requestrule> 
			<responserule>B2BMqGateway02_Policy_Response_Rule</responserule> 
			<errorrule>B2BMqGateway02_Policy_Error_Rule</errorrule> 
		</call-processing-rules>
		<logging>
			<providerRqLogEnable>N</providerRqLogEnable> 
			<providerRqLogDetailEnable>N</providerRqLogDetailEnable> 
			<providerResLogEnable>N</providerResLogEnable> 
			<providerResLogDetailEnable>N</providerResLogDetailEnable> 
			<errorLogEnable>N</errorLogEnable> 
			<errorLogDetailEnable>N</errorLogDetailEnable> 
		</logging>
		<routing-url>https://vedaxml.com/sys1</routing-url> 
		<ssl-proxyprofile>External_SSLProxyProfile_VEDA</ssl-proxyprofile> 
	</common>
</gatewaypattern>