<businessEvent name="cgiv1directDebit" version="V1" type="RequestReply" enabled="true" conditionalRouting="no">
	<sourceConfig>
		<!--<ResRule>SSHTTPRqRplyOutward_Res_Rule_JSON</ResRule>
		<ContentType>JSON</ContentType>-->
                <ResRule>SSHTTPRqRplyOutward_Res_Rule_NONXML</ResRule>
		<ContentType>NONXML</ContentType>
		<request>
			<actions/>
			<scTransform/>
		</request>
		<response>
			<actions/>
			<csTransform/>
		</response>
		<errorConfig>
			
		</errorConfig>
	</sourceConfig>
	<targetConfig name="CGI">
		<ReqRule>SSHTTPRqRplyOutward_Req_Rule_NULL</ReqRule>
		<ContentType>NULL</ContentType>
		<request>
			<actions/>
			<ctTransform/>
			<endpointConfig>
				<uri type="dynXSL">local:/ondisk/services/SSI/configuration/cgi/cgiUriHandler.xsl</uri>
				<targetSystem>CGI</targetSystem>
				<timeout>60</timeout>
			</endpointConfig>
		</request>
		<response>
			<actions/>
			<tcTransform/>
		</response>
	</targetConfig>
	<logConfig>
		<operationName>cgiv1directDebit</operationName>
	</logConfig>
</businessEvent>