<?xml version="1.0" encoding="UTF-8"?>
<businessEvent name="GenDocXPress" version="01" type="RequestReply" enabled="true" conditionalRouting="true">
	<LogRule>Common_Log_Rule02</LogRule>
	<sourceConfig>
		<request>
			<actions>
				<action name="AAA" enabled="Y">AU RetailSH BS GenDocXPress</action>
			</actions>
			<scTransform/>
		</request>
		<response>
			<actions>
				<action name="HTTP-RSHEADER-HANDLER">
					<header name="Content-Type" value="text/xml"/>
				</action>
			</actions>
			<csTransform/>
		</response>
		<errorConfig>
			<errorHandler stylesheet="local://ondisk/services/SSI/configuration/Customer/GenDocXPress_V01/ErrorHandler.xsl">
				<params>
					<errElementName/>
				</params>
			</errorHandler>
		</errorConfig>
	</sourceConfig>
	<targetConfig name="XPression">
		<filter>Customer/GenDocXPress_V01/xPressionReqFilter.xsl</filter>
		<request>
			<ctTransform/>
			<actions>
				<action type="custom">local://ondisk/services/SSI/transform/Customer/GenDocXPress_V01/PublishDocumentRq.xsl</action>
                                <action name="ADD-SOAP"/>
			</actions>
			<endpointConfig>
				<uri>/xFramework/services/QuickDoc.QuickDocHttpsSoap11Endpoint/</uri> 
				<targetSystem>XPression</targetSystem>
				<timeout>17</timeout>
			</endpointConfig>
		</request>
		<response>
			<actions>
				<action name="STRIP-SOAP"/>
				<action type="custom">local://ondisk/services/SSI/transform/Customer/GenDocXPress_V01/PublishDocumentRs.xsl</action>
			</actions>
			<tcTransform/>
		</response>
	</targetConfig>
	<targetConfig name="BIH">
		<filter>Customer/GenDocXPress_V01/BIHReqFilter.xsl</filter>
		<request>
			<ctTransform/>
			<actions>
				<action name="MQ-RQHEADER-HANDLER">
					<msgExpiry>28</msgExpiry>
					<msgPersistence>0</msgPersistence>
				</action>
				<action type="custom">local://ondisk/services/SSI/transform/Customer/GenDocXPress_V01/BIHServiceReq.xsl</action>
			</actions>
			<endpointConfig>
				<uri/>
				<targetSystem>BIH</targetSystem>
				<timeout>17</timeout>
			</endpointConfig>
		</request>
		<response>
			<actions/>
			<tcTransform/>
		</response>
	</targetConfig>
	<logConfig>
		<operationName>GenDocXPress</operationName>
	</logConfig>
</businessEvent>