<?xml version="1.0" encoding="UTF-8"?>
<routingInfo>
	<routing-urls>
	          <url env="dev" domain="AURETAILSH">https://auth.service.dev</url>
	          <url env="st" domain="AURETAILSH">https://auth.service.dev</url>
	          <url env="sit" domain="AURETAILSH">https://auth.service.dev</url>
	          <url env="qa" domain="AURETAILSH">https://auth.service.dev</url>  	
	</routing-urls>
	<!--<sslProxyProfile>Internal_SSLProxyProfile_Forward</sslProxyProfile>-->
	<sslClientProfile>Internal_SSLClientProfile_CSP_STI</sslClientProfile>
</routingInfo>