<?xml version="1.0" encoding="UTF-8"?>
<environment name="sit">
	<!-- ALL/NONE/FRONT/BACK -->
	<log-enabled value="ALL"/>
	<!-- Y/N -->
	<encrypt-enabled value="Y">
		<time-diff>120</time-diff>
	</encrypt-enabled>
	<detail-log-enabled value="Y"/>
	<LogRule>Common_Log_Rule</LogRule>
	<LogServiceURL>http://127.0.0.1:2325</LogServiceURL>
	<schema-validate enabled="true" type="request"/>
	<aaa-enabled value="N"/>
	<filesystem-path>local:///ondisk/</filesystem-path>
	<filesystem-path-services>local:///ondisk/services/</filesystem-path-services>
	<filesystem-path-applications>local:///ondisk/environment/applications/</filesystem-path-applications>
	<filesystem-path-api>local:///ondisk/api/</filesystem-path-api>
	<filesystem-schema-path>local:///ondisk/xsd/</filesystem-schema-path>
	<transform-path>local:///ondisk/services/MsgTransform/</transform-path>
	<c-transform-path>local:///ondisk/services/ConsumerTransform/</c-transform-path>
	<p-transform-path>local:///ondisk/services/ProviderTransform/</p-transform-path>
	<ssi-configuration-path>local:///ondisk/services/SSI/configuration/</ssi-configuration-path>
	<ssi-s-transform-path>local:///ondisk/services/SSI/transform/</ssi-s-transform-path>
	<ssi-t-transform-path>local:///ondisk/services/SSI/transform/</ssi-t-transform-path>
</environment>