<?xml version="1.0" encoding="UTF-8"?>
<MQRouterEventInfo>
	<ConsumerDetails RequestQueue="PWSDP.CHH.GETLOANAPPANDSECDTLSRLS1.REQUEST">
		<BusinessEvent>GetLoanSecDtls</BusinessEvent>
		<SourceSystem>CIM</SourceSystem>
		<TargetSystem>RLS</TargetSystem>
		<ServiceVersion>V1</ServiceVersion>
	</ConsumerDetails>
	<ConsumerDetails RequestQueue="PWSDP.CHH.GETLOANAPPANDSECDTLSRLS1.REQUEST.01">
		<BusinessEvent>GetLoanSecDtls</BusinessEvent>
		<SourceSystem>CIM</SourceSystem>
		<TargetSystem>RLS</TargetSystem>
		<ServiceVersion>V1</ServiceVersion>
	</ConsumerDetails>
	<ConsumerDetails RequestQueue="PWSDP.CHNLSH.CTI.SYSLOG.REQUEST">
		<BusinessEvent>CTISyslogEvent</BusinessEvent>
		<SourceSystem>CTI</SourceSystem>
		<TargetSystem>IBMTrusteer</TargetSystem>
		<ServiceVersion>V1</ServiceVersion>
	</ConsumerDetails>
</MQRouterEventInfo>