<?xml version="1.0" encoding="UTF-8"?>
<businessEvent name="personIdentity" version="01" type="RequestReply" enabled="true" conditionalRouting="false">
	<LogRule>Common_Log_Rule02</LogRule>
	<sourceConfig>
		<request>
			<actions>
			    <action name="AAA" enabled="N"/>
				<action name="VALIDATE-HEADERS" enabled="true">
					<header name="ANZ-Application-ID" required="true"/>
					<header name="RequestID" required="true"/>
				</action>
			</actions>
			<scTransform/>
		</request>
		<response>
			<actions>
				<action name="HTTP-RSHEADER-HANDLER">
                     <header name="Content-Type" value="application/json" valueType="set"/>
				</action>
			</actions>
			<csTransform/>
		</response>
		<errorConfig>
			<errorHandler stylesheet="local://ondisk/services/SSI/configuration/DSPJoin/DSPJoinErrorHandler.xsl">
			</errorHandler>
		</errorConfig>
	</sourceConfig>
	<targetConfig name="DSPJoin">
		<request>
			<actions>
				<action/>
			</actions>
			<ctTransform/>
			<endpointConfig>
				<uri type="dynXSL">local://ondisk/services/SSI/configuration/DSPJoin/DSPJoinUriHandler.xsl</uri>
				<targetSystem>DSPJoin</targetSystem>
				<timeout>30</timeout>
			</endpointConfig>
		</request>
	</targetConfig>
	<logConfig>
		<operationName>personIdentity</operationName>
	</logConfig>
</businessEvent>
