<?xml version="1.0" encoding="UTF-8"?>
<businessEvent name="UpdateApplicationStatus" version="01" type="RequestReply" enabled="true" conditionalRouting="false">
	<LogRule>Common_Log_Rule02</LogRule>
	<!--
	Actions:
		The actions would apply the properties as defined in it.
	AVAILABLE ACTIONS:
		AAA : Performs authorisation on the specified AD Group
		HTTP-RSHEADER-HANDLER : HTTP Response Header Handler, sets the header values as specified in the parameter <header>
	 	MQ-RQHEADER-HANDLER: MQ Request Header Handler		
	 -->
	<sourceConfig>
		<request>
			<actions>
				<action name="AAA" enabled="N">Rg_Svc AU PAYMENTS BS UpdateApplicationStatus</action>
			</actions>
		</request>
		<response>
			<actions>
				<action name="HTTP-RSHEADER-HANDLER">
					<header name="Content-Type" value="application/json" valueType="set"/>
					<!--					<header name="Request-Id" valueType="copy"/>-->
				</action>
			</actions>
		</response>
		<!--
			errorConfig section specifies the stylesheet to executed in case of an error. 
			Its provides option specifies the params to error stylesheet.
	 	 -->
		<errorConfig>
			<errorHandler stylesheet="local://ondisk/services/SSI/configuration/CSP/UpdateApplicationStatus_1.0/POST/ErrorHandler.xsl">
				<params>
					<errContentType>application/json</errContentType>
					<errElementName/>
				</params>
			</errorHandler>
		</errorConfig>
	</sourceConfig>
	<targetConfig name="GoldTier">
		<request>
			<actions>
				<action name="HTTP-RQHEADER-HANDLER">
					<header name="Content-Type" value="application/json" valueType="set"/>
				</action>
			</actions>
			<ctTransform/>
			<endpointConfig>
				<uri type="dynXSL">local://ondisk/services/SSI/configuration/CSP/UpdateApplicationStatus_1.0/POST/URIHandler.xsl</uri>
				<targetSystem>CSP_GoldTier</targetSystem>
				<timeout>60</timeout>
			</endpointConfig>
		</request>
		<response>
			<tcTransform/>
		</response>
	</targetConfig>
	<logConfig>
		<operationName>UpdateApplicationStatus</operationName>
	</logConfig>
</businessEvent>