<aaa:AAAInfo xmlns:dpfunc="http://www.datapower.com/extensions/functions" xmlns:aaa="http://www.datapower.com/AAAInfo"><aaa:FormatVersion>1</aaa:FormatVersion><aaa:Filename>local:///AAAInfo.xml</aaa:Filename><aaa:Summary>OAuth Part 4 Sample.</aaa:Summary><!-- Determine credential from output of the extract-identity phase. --><aaa:Authenticate><aaa:Username>fred</aaa:Username><aaa:Password>smith</aaa:Password><aaa:OutputCredential>uid=wasadmin,o=defaultWIMFileBasedRealm</aaa:OutputCredential></aaa:Authenticate><!-- Specify credential (if any) to use when there is no authenticated identity. --><aaa:Authenticate><aaa:Any/><aaa:OutputCredential>fred</aaa:OutputCredential></aaa:Authenticate><!-- Map credentials to different credentials. --><!-- Determine resource from output of the extract-resource phase. --><!-- Authorize access to resource for credentials. --><aaa:Authorize><aaa:InputCredential>admin</aaa:InputCredential><aaa:InputResource>getAccount</aaa:InputResource><aaa:Access>allow</aaa:Access></aaa:Authorize></aaa:AAAInfo>