<?xml version="1.0" encoding="UTF-8"?>
<service name="otpresetv1">
	<routingURL>http://127.0.0.1:8006</routingURL>
	<providerRqLogEnable>Y</providerRqLogEnable>
	<providerRqLogDetailEnable>Y</providerRqLogDetailEnable>
	<providerResLogEnable>Y</providerResLogEnable>
	<providerResLogDetailEnable>Y</providerResLogDetailEnable>
	<errorLogEnable>Y</errorLogEnable>
	<errorLogDetailEnable>Y</errorLogDetailEnable>
        <logConfig>
        <operationName>otpresetv1</operationName>
        </logConfig>
</service>