<?xml version="1.0" encoding="UTF-8"?>
<service name="RLSAssessLoanApplication">
	<routingURL>http://127.0.0.1:8007</routingURL>
	<logConfig>
		<operationName>RLSAssessLoanApplication</operationName>
	</logConfig>
	<providerRqLogEnable>N</providerRqLogEnable>
	<providerRqLogDetailEnable>N</providerRqLogDetailEnable>
	<providerResLogEnable>N</providerResLogEnable>
	<providerResLogDetailEnable>N</providerResLogDetailEnable>
	<errorLogEnable>N</errorLogEnable>
	<errorLogDetailEnable>N</errorLogDetailEnable>
</service>