<?xml version="1.0" encoding="UTF-8"?>
<service name="GetApplicationID">
	<routingURL>http://10.52.29.85:8282</routingURL>
	<providerRqLogEnable>Y</providerRqLogEnable>
	<providerRqLogDetailEnable>Y</providerRqLogDetailEnable>
	<providerResLogEnable>Y</providerResLogEnable>
	<providerResLogDetailEnable>Y</providerResLogDetailEnable>
	<errorLogEnable>Y</errorLogEnable>
	<errorLogDetailEnable>Y</errorLogDetailEnable>
        <logConfig>
        <operationName>GetApplicationID</operationName>
        </logConfig>
</service>