<?xml version="1.0" encoding="UTF-8"?>
<gatewaypattern name="B2BHttpGateway" version="01">
	<id name="RequestReply">
		<requestRule>B2BHttpGateway01_Policy_RequestReply_Request_Rule_0</requestRule>
		<responseRule>B2BHttpGateway01_Policy_RequestReply_Response_Rule_0</responseRule>
	</id>
	<providerRqLogEnable>Y</providerRqLogEnable>
	<providerRqLogDetailEnable>N</providerRqLogDetailEnable>
	<providerResLogEnable>Y</providerResLogEnable>
	<providerResLogDetailEnable>N</providerResLogDetailEnable>
	<errorLogEnable>Y</errorLogEnable>
	<errorLogDetailEnable>Y</errorLogDetailEnable>
</gatewaypattern>