<?xml version="1.0" encoding="UTF-8"?>
<gatewaypattern name="B2BMqGateway" version="01">
	<id name="RequestReply">
		<requestRule>B2BMqGateway01_Policy_RequestReply_Request_Rule_0</requestRule>
		<responseRule>B2BMqGateway01_Policy_RequestReply_Response_Rule_0</responseRule>
	</id>
	
        <id name="Datagram"> <!-- It is just defined but not implemented-->
		<requestRule>B2BMqGateway01_Policy_Datagram_Request_Rule_0</requestRule>
		<responseRule>B2BMqGateway01_Policy_Datagram_Response_Rule_0</responseRule>
	</id>	
<logRuleName>ANZDP_Log_rule_1</logRuleName>
</gatewaypattern>