<?xml version="1.0" encoding="UTF-8"?>
<businessEvent name="RetrieveEV" version="01" type="RequestReply" enabled="true" conditionalRouting="false">
	<LogRule>Common_Log_Rule02</LogRule>
	<sourceConfig>
		<request>
			<actions>
				<action name="AAA" enabled="N">Rg_Svc AU RetailSH BS EV - Retrieve</action>
			</actions>
			<scTransform/>
		</request>
		<response>
			<actions>
				<action name="HTTP-RSHEADER-HANDLER">
					<header name="Content-Type" value="text/xml"/>
					<header name="requestId" value="/RetrieveEV/PayloadRs/requestId" valueType="xpath"/>
				</action>
			</actions>
			<csTransform/>
		</response>
		<errorConfig>
			<errorHandler stylesheet="local://ondisk/services/SSI/configuration/customer/ErrorHandler.xsl">
				<params>
					<errElementName/>
				</params>
			</errorHandler>
		</errorConfig>
	</sourceConfig>
	<targetConfig name="CSP">
		<request>
			<actions>                                                                       
			<!--	<action type="custom">local://ondisk/services/SSI/customer/evids_v01/RetrieveEVRq.xsl</action> -->
				<action name="HTTP-RQHEADER-HANDLER">
					<method>GET</method>
					<header name="ANZ-Application-ID " value="/RetrieveEV/PayloadRq/ANZ-Application-ID" valueType="xpath"/>
					<header name="ANZ-Application-Version " value="/RetrieveEV/PayloadRq/ANZ-Application-Version" valueType="xpath"/>
					<header name="requestId " value="/RetrieveEV/PayloadRq/requestId" valueType="xpath"/>
					<header name="branchId " value="/RetrieveEV/PayloadRq/branchId" valueType="xpath"/>
					<header name="terminalId " value="/RetrieveEV/PayloadRq/terminalId" valueType="xpath"/>
					<header name="origApp " value="/RetrieveEV/PayloadRq/origApp" valueType="xpath"/>
					<header name="initCompany " value="/RetrieveEV/PayloadRq/initCompany" valueType="xpath"/> 
                                        <header name="Origin" value="/RetrieveEV/PayloadRq/Origin" valueType="xpath"/> 
                                        <header name="JWT-Token" value="/RetrieveEV/PayloadRq/Auth" valueType="xpath"/>    
                                        <header name="User-Agent" value="/RetrieveEV/PayloadRq/User-Agent" valueType="xpath"/>                                         
					 <header name="Accept" value="application/vnd.csp-anz.com+json;version=1.0" valueType="set"/>
                                        <header name="Content-Type" value="application/json" valueType="set"/> 
				</action>
			</actions>
			<ctTransform>customer/evids_v01/RetrieveEVRq.xsl</ctTransform>
			<endpointConfig>
				<uri type="dyn"/>
                                <uri-pattern>
                                   <static>/api/electronicverification/verifications/electronic</static>
				  <dynamic>RetrieveEV/PayloadRq/QueryParam</dynamic> 
                                </uri-pattern>
                            	<targetSystem>CSP</targetSystem>
				<timeout>90</timeout>
			</endpointConfig>
		</request>
		<response>
			<actions>
				<action type="custom">local://ondisk/services/SSI/transform/customer/evids_v01/RetrieveEVRs.xsl</action>
			</actions>
			<tcTransform/>
		</response>
	</targetConfig>
	<logConfig>
		<operationName>RetrieveEV01</operationName>
	</logConfig>
</businessEvent>