<?xml version="1.0" encoding="UTF-8"?>
<businessEvent name="createcredential" version="01" type="RequestReply" enabled="true" conditionalRouting="false">
	<sourceConfig>
		<request>
			<actions>
				<action name="AAA" enabled="Y">AU ChnlSH CreateCredential Service Accounts (Ad)</action>
				<action name="VALIDATE-HEADERS" enabled="true">
					<header name="RequestID" required="true"/>
					<header name="ANZ-Application-ID" required="true"/>
				</action>
				<!--<Authorize enabled="N">
					<attribute-value name="member">CN=nonprod-inwardproxywealthb2bsit.anz.com, OU=Technology, O=Australia and New Zealand Banking Group Ltd, L=Melbourne, S = Victoria, C=AU</attribute-value>
					<attribute-value name="member">CN= iressnet-anz-dev.iress.com.au, OU=IRESSNET, O=IRESS Limited, L=Melbourne, C=AU</attribute-value>
				</Authorize>-->
			</actions>
			<scTransform/>
		</request>
		<response>
			<actions>
			</actions>
			<csTransform/>
		</response>
		<errorConfig>
			<errorHandler stylesheet="local:///ondisk/services/SSI/configuration/dsp/createcredential_1.0/POST/ErrorHandler.xsl">
				<params>
					<errContentType>application/json</errContentType>
				</params>
			</errorHandler>
		</errorConfig>
	</sourceConfig>
	<targetConfig name="dsp">
		<request>
			<actions>
				<action name="HTTP-RQHEADER-HANDLER">
					<header name="Content-Type" valueType="SET" value="application/vnd.cmc-anz.com+json;version=1.0"/>
					<header name="RequestID" valueType="copy"/>
				</action>
				<!--				<action name="validate-headers">
					<header name="ANZ-Application-ID" code="400" message="Bad Request"/>
					<header name="RequestID" code="400" message="Bad Request"/>
					<header name="JWT-Token" code="400" message="Bad Request"/>
				</action>
-->
			</actions>
			<ctTransform>dsp/createcredential_1.0/POST/createcredential_CS.xsl</ctTransform>
			<endpointConfig>
				<!--<staticUri>/cmc</staticUri>
				<uri type="uri-in"/> -->
				<uri>/cmc/internalcso/createcredential</uri>
				<targetSystem>DSP</targetSystem>
				<timeout>30</timeout>
			</endpointConfig>
		</request>
		<response>
			<actions/>
			<!--<action type="custom">local://ondisk/services/SSI/transform/dsp/createcredential_1.0/POST/createcredential_CT.xsl</action>
			</actions>-->
			<tcTransform/>
		</response>
	</targetConfig>
	<logConfig>
		<operationName>createcredential01</operationName>
	</logConfig>
	<LogRule>Common_Log_Rule02</LogRule>
</businessEvent>