<?xml version="1.0" encoding="UTF-8"?>
<businessEvent name="CSPRetrieveOrderStates" version="01" type="RequestReply" enabled="true" conditionalRouting="false">
	<LogRule>Common_Log_Rule02</LogRule>
	<sourceConfig>
		<request>
			<actions>
				<!--<action type="custom">local://ondisk/services/SSI/transform/PLCC/GenerateCSPToken.xsl</action>-->
				<action name="AAA" enabled="N">AU RetailSH RetrieveAddressSearch Service Accounts (Ad)</action>
			</actions>
			<!--<scTransform>PLCC/CSPAddressSearch_1.0/GET/AddressSearch_Req.xsl</scTransform>-->
		</request>
		<response>
			<actions>
				<action name="HTTP-RSHEADER-HANDLER">
					<header name="Content-Type" value="text/xml" valueType="set"/>
					<header name="ANZ-Request-ID" valueType="copy"/>
					<!-- <header name="ETag" valueType="copy" />-->
				</action>
				<!-- <action type="custom">store:/jsonx2json.xsl</action>
  -->
				<!--  <action type="custom">local://ondisk/services/SSI/transform/PLCC/CSPAddressSearch_1.0/GET/AddressSearch_Res.xsl</action>-->
			</actions>
			<csTransform/>
		</response>
		<errorConfig>
			<errorHandler stylesheet="/SSI/configuration/PLCC/CSPRetrieveOrderStates_1.0/GET/ErrorHandler.xsl">
				<params>
					<errContentType>application/vnd.wna-anz.com+json;version=1.0</errContentType>
				</params>
			</errorHandler>
		</errorConfig>
	</sourceConfig>
	<targetConfig name="CSP">
		<request>
			<ctTransform/>
			<actions>
				<action name="MQ-RQHEADER-HANDLER">
					<msgExpiry>110</msgExpiry>
					<msgPersistence>0</msgPersistence>
				</action>
			</actions>
			<endpointConfig>
				<uri>/?RequestQueue=PWSDP.CHNLSH.CSP.MQROUTER.REQ;ReplyQueue=PWSDP.CHNLSH.PLCC.EVRETRIEVEREFDATA.RES</uri>
				<targetSystem>EDPCSP</targetSystem>
				<timeout>85</timeout>
			</endpointConfig>
		</request>
		<response>
			<actions>
				<action/>
			</actions>
		</response>
		<tcTransform/>
	</targetConfig>
	<logConfig>
		<operationName>RetrieveOrderStates</operationName>
	</logConfig>
</businessEvent>