<?xml version="1.0" encoding="UTF-8"?>
<configs processForContextRoot="false">



<!--NPP-->
<!--PUT /contact-points/{contactPointId} -->
	<config serviceURI="^/contact-points/[\w-]" method="PUT">
		<routingURL>http://127.0.0.1:8006</routingURL>
		<consumer>CDMS</consumer>
		<target>AddUpdateCutomer</target>
	</config>

<!--DELETE /contact-points/{contactPointId} -->

	<config serviceURI="^/contact-points/[\w-]+" method="DELETE">
		<routingURL>http://127.0.0.1:8006</routingURL>
		<consumer>CDMS</consumer>
		<target>AddUpdateCutomer</target>
	</config>



</configs>