<?xml version="1.0" encoding="UTF-8"?>
<configs processForContextRoot="false">
	<!--New Payment Platform Phase 1-->
	<!--PUT /domains/{domainId} -->
	<config serviceURI="^/domains/[\w-]" method="PUT">
		<routingURL>http://127.0.0.1:8006</routingURL>
		<consumer>CDMS</consumer>
		<target>AddUpdateDomains</target>
		<operationName>AddUpdDomain_01</operationName>
	</config>
	<!--DELETE /domains/{domainId} -->
	<config serviceURI="^/domains/[\w-]+" method="DELETE">
		<routingURL>http://127.0.0.1:8006</routingURL>
		<consumer>CDMS</consumer>
		<target>AddUpdateDomains</target>
		<operationName>AddUpdDomain_01</operationName>
	</config>
</configs>
