<?xml version="1.0" encoding="UTF-8"?>
<configs processForContextRoot="false">
	<!--New Payment Platform Phase 1-->
	<!--POST /persons/{partyId}/subscriptions -->
	<config serviceURI="^/persons/[\w-]+/subscriptions" method="POST">
		<routingURL>http://127.0.0.1:8006</routingURL>
		<consumer>CDMS</consumer>
		<target>AddUpdateSubscription</target>
		<operationName>AddUpdSubs_01</operationName>
	</config>
	<!--GET /persons/{partyId}/subscriptions -->
	<config serviceURI="^/persons/[\w-]+/subscriptions" method="GET">
		<routingURL>http://127.0.0.1:8006</routingURL>
		<consumer>CDMS</consumer>
		<target>AddUpdateSubscription</target>
		<operationName>AddUpdSubs_01</operationName>
	</config>
</configs>
