<?xml version="1.0" encoding="UTF-8"?>
<configs processForContextRoot="false">
	<!--New Payment Platform Phase 1-->
	<!--PUT /contact-points/{contactPointId} -->
	<config serviceURI="^/contact-points/[\w-]" method="PUT">
		<routingURL>http://127.0.0.1:8006</routingURL>
		<consumer>CDMS</consumer>
		<target>AddUpdateCustomer</target>
		<operationName>AddUpdCust_01</operationName>
	</config>
	<!--DELETE /contact-points/{contactPointId} -->
	<config serviceURI="^/contact-points/[\w-]+" method="DELETE">
		<routingURL>http://127.0.0.1:8006</routingURL>
		<consumer>CDMS</consumer>
		<target>AddUpdateCustomer</target>
		<operationName>AddUpdCust_01</operationName>
	</config>
	<!--GET /contact-points  -->
	<config serviceURI="^/contact-points" method="GET">
		<routingURL>http://127.0.0.1:8006</routingURL>
		<consumer>CDMS</consumer>
		<target>AddUpdateCustomer</target>
		<operationName>AddUpdCust_01</operationName>
	</config>
</configs>
