<?xml version="1.0" encoding="UTF-8"?>
<configs processForContextRoot="false">
	<!--List Of All API's. Please don't addd any API without check the precedence/Order Updated On 20th Dec 2017-->
	<!--
	PUT /domains/{domainId}
	DELETE /domains/{domainId}
	
	PUT  /bundling-preferences/{bundlingPreferenceId}
	DELETE  /bundling-preferences/{bundlingPreferenceId}

	GET /subscriptions/{subscriptionId}/versions
	POST /subscriptions/batch-update
	POST /subscriptions/batch-delete
	PUT /subscriptions/{subscriptionId}
	DELETE /subscriptions/{subscriptionId}

	PUT /contact-points/{contactPointId}
	DELETE /contact-points/{contactPointId}

	GET /api/partyservice/contact-points 

	POST /query/party-related-by-account
	POST /query/account-aliases-contact-points
	POST /query/accounts
	POST /query/party
	
	DELETE /preferences/{preferenceId}

	PUT /account-aliases/{aliasId}
	GET /account-aliases/{aliasId}

	GET  /parties/{partyId}/domains
	POST /parties/{partyId}/domains
	GET  /parties/{partyId}/bundling-preferences
	POST /parties/{partyId}/bundling-preferences 
	GET  /parties/{partyId}/subscriptions
	POST /parties/{partyId}/subscriptions/suspension
	POST /parties/{partyId}/subscriptions/resumption
	POST /parties/{partyId}/subscriptions/batch-creation
	POST /parties/{partyId}/subscriptions
	GET  /parties/{partyId}/contact-points
	POST /parties/{partyId}/contact-points
	GET  /parties/{partyId}/notification-types
	GET  /parties/{partyId}/accounts/party-account-roles
	GET  /parties/{partyId}/accounts
	GET  /parties/{partyId}/account-aliases
	POST /parties/{partyId}/account-aliases
	
	GET  /account-aliases
	GET  /account-aliases?alias=[alias]&type=[type]&shortName=[shortName]
	POST /account-aliases/batch-maintenance
	
	GET  /parties/{partyId}
	GET  /v2/parties (should already be exposed by SBOS?)
	GET  /api/uam/tokens
	GET  /api/referenceservice/reference/properties/{id}
	POST /api/so/cases/caseNumber/{caseNo}+/states 
-->
	<!--PUT /domains/{domainId} -->
	<config serviceURI="^/api/partyservice/domains/[\w-]" method="PUT">
		<routingURL>http://127.0.0.1:8006</routingURL>
		<consumer>CDMS</consumer>
		<target>AddUpdateDomains</target>
		<operationName>AddUpdDomain_01</operationName>
	</config>
	<!--DELETE /domains/{domainId} -->
	<config serviceURI="^/api/partyservice/domains/[\w-]+" method="DELETE">
		<routingURL>http://127.0.0.1:8006</routingURL>
		<consumer>CDMS</consumer>
		<target>AddUpdateDomains</target>
		<operationName>AddUpdDomain_01</operationName>
	</config>
	<!--CR137 :PUT  /bundling-preferences/{bundlingPreferenceId}  -->
	<config serviceURI="^/api/partyservice/bundling-preferences/[\w-]" method="PUT">
		<routingURL>http://127.0.0.1:8006</routingURL>
		<consumer>CDMS</consumer>
		<target>AddUpdateBundlingPreferences</target>
		<operationName>AddUpdBunPrefer01</operationName>
	</config>
	<!--CR137 :DELETE  /bundling-preferences/{bundlingPreferenceId}  -->
	<config serviceURI="^/api/partyservice/bundling-preferences/[\w-]+" method="DELETE">
		<routingURL>http://127.0.0.1:8006</routingURL>
		<consumer>CDMS</consumer>
		<target>AddUpdateBundlingPreferences</target>
		<operationName>AddUpdBunPrefer01</operationName>
	</config>
	<!--GET /subscriptions/{subscriptionId}/versions -->
	<config serviceURI="^/api/partyservice/subscriptions/[\w-]+/versions" method="GET">
		<routingURL>http://127.0.0.1:8006</routingURL>
		<consumer>CDMS</consumer>
		<target>AddUpdateBatch</target>
		<operationName>AddUpdbatch_01</operationName>
	</config>
	<!--POST /subscriptions/batch-update -->
	<config serviceURI="^/api/partyservice/subscriptions/batch-update" method="POST">
		<routingURL>http://127.0.0.1:8006</routingURL>
		<consumer>CDMS</consumer>
		<target>AddUpdateBatch</target>
		<operationName>AddUpdbatch_01</operationName>
	</config>
	<!--POST /subscriptions/batch-delete -->
	<config serviceURI="^/api/partyservice/subscriptions/batch-delete" method="POST">
		<routingURL>http://127.0.0.1:8006</routingURL>
		<consumer>CDMS</consumer>
		<target>AddUpdateBatch</target>
		<operationName>AddUpdbatch_01</operationName>
	</config>
	<!--PUT /subscriptions/{subscriptionId} -->
	<config serviceURI="^/api/partyservice/subscriptions/[\w-]" method="PUT">
		<routingURL>http://127.0.0.1:8006</routingURL>
		<consumer>CDMS</consumer>
		<target>AddUpdateSubscription</target>
		<operationName>AddUpdSubs_01</operationName>
	</config>
	<!--DELETE /subscriptions/{subscriptionId} -->
	<config serviceURI="^/api/partyservice/subscriptions/[\w-]+" method="DELETE">
		<routingURL>http://127.0.0.1:8006</routingURL>
		<consumer>CDMS</consumer>
		<target>AddUpdateSubscription</target>
		<operationName>AddUpdSubs_01</operationName>
	</config>
	<!--PUT /contact-points/{contactPointId} -->
	<config serviceURI="^/api/partyservice/contact-points/[\w-]" method="PUT">
		<routingURL>http://127.0.0.1:8006</routingURL>
		<consumer>CDMS</consumer>
		<target>AddUpdateCustomer</target>
		<operationName>AddUpdCust_01</operationName>
	</config>
	<!--DELETE /contact-points/{contactPointId} -->
	<config serviceURI="^/api/partyservice/contact-points/[\w-]+" method="DELETE">
		<routingURL>http://127.0.0.1:8006</routingURL>
		<consumer>CDMS</consumer>
		<target>AddUpdateCustomer</target>
		<operationName>AddUpdCust_01</operationName>
	</config>
	<!--GET /api/partyservice/contact-points  -->
	<config serviceURI="^/api/partyservice/contact-points" method="GET">
		<routingURL>http://127.0.0.1:8006</routingURL>
		<consumer>CDMS</consumer>
		<target>AddUpdateCustomer</target>
		<operationName>AddUpdCust_01</operationName>
	</config>
	<!--POST /query/party-related-by-account -->
	<config serviceURI="^/api/partyservice/query/party-related-by-account$" method="POST">
		<routingURL>http://127.0.0.1:8006</routingURL>
		<consumer>CDMS</consumer>
		<target>AddQueryParty</target>
		<operationName>AddQueryParty_01</operationName>
	</config>
	<!--POST /query/account-aliases-contact-points -->
	<config serviceURI="^/api/partyservice/query/account-aliases-contact-points$" method="POST">
		<routingURL>http://127.0.0.1:8006</routingURL>
		<consumer>CDMS</consumer>
		<target>AliasManagement</target>
		<operationName>AliasMgmt</operationName>
	</config>
	<!--POST /query/accounts -->
	<config serviceURI="^/api/partyservice/query/accounts$" method="POST">
		<routingURL>http://127.0.0.1:8006</routingURL>
		<consumer>CDMS</consumer>
		<target>AliasManagement</target>
		<operationName>AliasMgmt</operationName>
	</config>
	<!--POSt /query/party -->
	<config serviceURI="^/api/partyservice/query/party$" method="POST">
		<routingURL>http://127.0.0.1:8006</routingURL>
		<consumer>CDMS</consumer>
		<target>AddQueryParty</target>
		<operationName>AddQueryParty_01</operationName>
	</config>
	<!--DELETE /preferences/{preferenceId} -->
	<config serviceURI="^/api/partyservice/preferences/[\w-]" method="DELETE">
		<routingURL>http://127.0.0.1:8006</routingURL>
		<consumer>CDMS</consumer>
		<target>AddUpdateSubscription</target>
		<operationName>AddUpdSubs_01</operationName>
	</config>
	<!--PUT /account-aliases/{aliasId} -->
	<config serviceURI="^/api/partyservice/account-aliases/[\w-]" method="PUT">
		<routingURL>http://127.0.0.1:8006</routingURL>
		<consumer>CDMS</consumer>
		<target>AliasManagement</target>
		<operationName>AliasMgmt</operationName>
	</config>
	<!--GET /account-aliases/{aliasId} -->
	<config serviceURI="^/api/partyservice/account-aliases/[\w-]" method="GET">
		<routingURL>http://127.0.0.1:8006</routingURL>
		<consumer>CDMS</consumer>
		<target>AliasManagement</target>
		<operationName>AliasMgmt</operationName>
	</config>
	<!--GET /parties/{partyId}/domains -->
	<config serviceURI="^/api/partyservice/parties/[\w-]+/domains" method="GET">
		<routingURL>http://127.0.0.1:8006</routingURL>
		<consumer>CDMS</consumer>
		<target>AddUpdateDomains</target>
		<operationName>AddUpdDomain_01</operationName>
	</config>
	<!--POST - /parties/{partyId}/domains -->
	<config serviceURI="^/api/partyservice/parties/[\w-]+/domains" method="POST">
		<routingURL>http://127.0.0.1:8006</routingURL>
		<consumer>CDMS</consumer>
		<target>AddUpdateDomains</target>
		<operationName>AddUpdDomain_01</operationName>
	</config>
	<!--CR137 : POST /parties/{partyId}/profiles/resource-transfers -->
	<config serviceURI="^/api/partyservice/parties/[\w-]+/profiles/resource-transfers" method="POST">
		<routingURL>http://127.0.0.1:8006</routingURL>
		<consumer>CDMS</consumer>
		<target>AddUpdateProfiles</target>
		<operationName>AddUpdProfile01</operationName>
	</config>
	<!--CR137 : GET  /parties/{partyId}/bundling-preferences -->
	<config serviceURI="^/api/partyservice/parties/[\w-]+/bundling-preferences" method="GET">
		<routingURL>http://127.0.0.1:8006</routingURL>
		<consumer>CDMS</consumer>
		<target>AddUpdateBundlingPreferences</target>
		<operationName>AddUpdBunPrefer01</operationName>
	</config>
	<!--CR137 : POST  /parties/{partyId}/bundling-preferences -->
	<config serviceURI="^/api/partyservice/parties/[\w-]+/bundling-preferences" method="POST">
		<routingURL>http://127.0.0.1:8006</routingURL>
		<consumer>CDMS</consumer>
		<target>AddUpdateBundlingPreferences</target>
		<operationName>AddUpdBunPrefer01</operationName>
	</config>
	<!--GET /parties/{partyId}/subscriptions -->
	<config serviceURI="^/api/partyservice/parties/[\w-]+/subscriptions" method="GET">
		<routingURL>http://127.0.0.1:8006</routingURL>
		<consumer>CDMS</consumer>
		<target>AddUpdateSubscription</target>
		<operationName>AddUpdSubs_01</operationName>
	</config>
	<!--CR137 : POST  /parties/{partyId}/subscriptions/suspension -->
	<config serviceURI="^/api/partyservice/parties/[\w-]+/subscriptions/suspension" method="POST">
		<routingURL>http://127.0.0.1:8006</routingURL>
		<consumer>CDMS</consumer>
		<target>AddUpdateSubscription</target>
		<operationName>AddUpdSubs_01</operationName>
	</config>
	<!--CR137 : POST /parties/{partyId}/subscriptions/resumption -->
	<config serviceURI="^/api/partyservice/parties/[\w-]+/subscriptions/resumption" method="POST">
		<routingURL>http://127.0.0.1:8006</routingURL>
		<consumer>CDMS</consumer>
		<target>AddUpdateSubscription</target>
		<operationName>AddUpdSubs_01</operationName>
	</config>
	<!--POST /parties/{partyId}/subscriptions/batch-creation -->
	<config serviceURI="^/api/partyservice/subscriptions/batch-creation" method="POST">
		<routingURL>http://127.0.0.1:8006</routingURL>
		<consumer>CDMS</consumer>
		<target>AddUpdateBatch</target>
		<operationName>AddUpdbatch_01</operationName>
	</config>
	<!--POST /parties/{partyId}/subscriptions -->
	<config serviceURI="^/api/partyservice/parties/[\w-]+/subscriptions" method="POST">
		<routingURL>http://127.0.0.1:8006</routingURL>
		<consumer>CDMS</consumer>
		<target>AddUpdateSubscription</target>
		<operationName>AddUpdSubs_01</operationName>
	</config>
	<!--GET /parties/{partyId}/contact-points -->
	<config serviceURI="^/api/partyservice/parties/[\w-]+/contact-points" method="GET">
		<routingURL>http://127.0.0.1:8006</routingURL>
		<consumer>CDMS</consumer>
		<target>AddUpdateCustomer</target>
		<operationName>AddUpdCust_01</operationName>
	</config>
	<!--POST - /parties/{partyId}/contact-points -->
	<config serviceURI="^/api/partyservice/parties/[\w-]+/contact-points" method="POST">
		<routingURL>http://127.0.0.1:8006</routingURL>
		<consumer>CDMS</consumer>
		<target>AddUpdateCustomer</target>
		<operationName>AddUpdCust_01</operationName>
	</config>
	<!--GET /parties/{partyId}/notification-types -->
	<config serviceURI="^/api/partyservice/parties/[\w-]+/notification-types" method="GET">
		<routingURL>http://127.0.0.1:8006</routingURL>
		<consumer>CDMS</consumer>
		<target>AddUpdateCustomer</target>
		<operationName>AddUpdCust_01</operationName>
	</config>
	<!--GET /parties/{partyId}/accounts/party-account-roles -->
	<config serviceURI="^/api/partyservice/parties/[\w-]+/accounts/party-account-roles" method="GET">
		<routingURL>http://127.0.0.1:8006</routingURL>
		<consumer>CDMS</consumer>
		<target>AliasManagement</target>
		<operationName>get_AliasMgmt_01</operationName>
	</config>
	<!--GET /parties/{partyId}/accounts -->
	<config serviceURI="^/api/partyservice/parties/[\w-]+/accounts" method="GET">
		<routingURL>http://127.0.0.1:8006</routingURL>
		<consumer>CDMS</consumer>
		<target>AliasManagement</target>
		<operationName>get_AliasMgmt_01</operationName>
	</config>
	<!--GET /parties/{partyId}/account-aliases -->
	<config serviceURI="^/api/partyservice/parties/[\w-]+/account-aliases" method="GET">
		<routingURL>http://127.0.0.1:8006</routingURL>
		<consumer>CDMS</consumer>
		<target>AliasManagement</target>
		<operationName>get_AliasMgmt_01</operationName>
	</config>
	<!--POST /parties/{partyId}/account-aliases -->
	<config serviceURI="^/api/partyservice/parties/[\w-]+/account-aliases" method="POST">
		<routingURL>http://127.0.0.1:8006</routingURL>
		<consumer>CDMS</consumer>
		<target>AliasManagement</target>
		<operationName>post_AliasMgmt_01</operationName>
	</config>
	<!--CR137 :GET /account-aliases -->
	<config serviceURI="^/api/partyservice/account-aliases$" method="GET">
		<routingURL>http://127.0.0.1:8006</routingURL>
		<consumer>CDMS</consumer>
		<target>AddUpdateCustAccountAlias</target>
		<operationName>AddUpdCustAccAlias01</operationName>
	</config>
	<!--GET /account-aliases?alias=[alias]&type=[type]&shortName=[shortName] -->
	<config serviceURI="^/api/partyservice/account-aliases?[\w-]" method="GET">
		<routingURL>http://127.0.0.1:8006</routingURL>
		<consumer>CDMS</consumer>
		<target>AliasManagement</target>
		<operationName>AliasMgmt</operationName>
	</config>
	<!--CR137 :POST /account-aliases/batch-maintenance -->
	<config serviceURI="^/api/partyservice/account-aliases/batch-maintenance" method="POST">
		<routingURL>http://127.0.0.1:8006</routingURL>
		<consumer>CDMS</consumer>
		<target>AddUpdateCustAccountAlias</target>
		<operationName>AddUpdCustAccAlias01</operationName>
	</config>
	<!--GET /parties/{partyId}  -->
	<config serviceURI="^/api/partyservice/parties/[\w-]" method="GET">
		<routingURL>http://127.0.0.1:8006</routingURL>
		<consumer>CDMS</consumer>
		<target>AddUpdateCustomer</target>
		<operationName>AddUpdCust_01</operationName>
	</config>
	<!--GET /v2/parties (should already be exposed by SBOS?)   -->
	<config serviceURI="^/api/partyservice/v2/parties" method="GET">
		<routingURL>http://127.0.0.1:8006</routingURL>
		<consumer>CDMS</consumer>
		<target>AddUpdateCustomer</target>
		<operationName>AddUpdCust_01</operationName>
	</config>
	<config serviceURI="^/api/uam/tokens" method="POST">
		<routingURL>http://127.0.0.1:8006</routingURL>
		<consumer>CSP</consumer>
		<target>UamTokens</target>
		<operationName>UamTokens</operationName>
	</config>
	<config serviceURI="^/api/referenceservice/reference/properties/[\w-]+" method="GET">
		<routingURL>http://127.0.0.1:8006</routingURL>
		<consumer>CSP</consumer>
		<target>RetrieveRefData</target>
		<operationName>RetrieveRefData</operationName>
	</config>
	<config serviceURI="^/api/so/cases/caseNumber/[\w-]+/states" method="POST">
		<routingURL>http://127.0.0.1:8006</routingURL>
		<consumer>CSP</consumer>
		<target>UpdateApplicationStatus</target>
		<operationName>UpdateApplicationStatus</operationName>
	</config>
	<config serviceURI="^/api/so/cases" method="POST">
		<routingURL>http://127.0.0.1:8006</routingURL>
		<consumer>IB</consumer>
		<target>CaseManagement</target>
		<operationName>AddCase_01</operationName>
	</config>
	<config serviceURI="^/api/so/cases?[\w-]" method="GET">
		<routingURL>http://127.0.0.1:8006</routingURL>
		<consumer>IB</consumer>
		<target>CaseManagement</target>
		<operationName>RetrieveCase_01</operationName>
	</config>
</configs>
