<?xml version="1.0" encoding="UTF-8"?>
<configs processForContextRoot="false">
	<!--New Payment Platform Phase 1-->
	<!--POST - /parties/{partyId}/contact-points -->
	<config serviceURI="^/parties/[\w-]+/contact-points" method="POST">
		<routingURL>http://127.0.0.1:8006</routingURL>
		<consumer>CDMS</consumer>
		<target>AddUpdateCustomer</target>
		<operationName>AddUpdCust_01</operationName>
	</config>
	<!--GET /parties/{partyId}/contact-points -->
	<config serviceURI="^/parties/[\w-]+/contact-points" method="GET">
		<routingURL>http://127.0.0.1:8006</routingURL>
		<consumer>CDMS</consumer>
		<target>AddUpdateCustomer</target>
		<operationName>AddUpdCust_01</operationName>
	</config>
	
		<!--GET /parties/{partyId}/external-system-ids {22122016}-->
	<config serviceURI="^/parties/[\w-]+/external-system-ids" method="GET">
		<routingURL>http://127.0.0.1:8006</routingURL>
		<consumer>CDMS</consumer>
		<target>AddUpdateCustomer</target>
		<operationName>AddUpdCust_01</operationName>
	</config>
	
	<!--POST - /parties/{partyId}/domains -->
	<config serviceURI="^/parties/[\w-]+/domains" method="POST">
		<routingURL>http://127.0.0.1:8006</routingURL>
		<consumer>CDMS</consumer>
		<target>AddUpdateDomains</target>
		<operationName>AddUpdDomain_01</operationName>
	</config>
	<!--GET /parties/{partyId}/domains -->
	<config serviceURI="^/parties/[\w-]+/domains" method="GET">
		<routingURL>http://127.0.0.1:8006</routingURL>
		<consumer>CDMS</consumer>
		<target>AddUpdateDomains</target>
		<operationName>AddUpdDomain_01</operationName>
	</config>
	<!--GET /parties/{partyId}/subscriptions -->
	<config serviceURI="^/parties/[\w-]+/subscriptions" method="GET">
		<routingURL>http://127.0.0.1:8006</routingURL>
		<consumer>CDMS</consumer>
		<target>AddUpdateSubscription</target>
		<operationName>AddUpdSubs_01</operationName>
	</config>
	<!--POST /parties/{partyId}/subscriptions -->
	<config serviceURI="^/parties/[\w-]+/subscriptions" method="POST">
		<routingURL>http://127.0.0.1:8006</routingURL>
		<consumer>CDMS</consumer>
		<target>AddUpdateSubscription</target>
		<operationName>AddUpdSubs_01</operationName>
	</config>
       		<!--GET /parties/{partyId}/account-aliases -->
	<config serviceURI="^/parties/[\w-]+/account-aliases" method="GET">
		<routingURL>http://127.0.0.1:8006</routingURL>
		<consumer>CDMS</consumer>
		<target>AliasManagement</target>
		<operationName>get_AliasMgmt_01</operationName>
	</config>
		<!--POST /parties/{partyId}/account-aliases -->
	<config serviceURI="^/parties/[\w-]+/account-aliases" method="POST">
		<routingURL>http://127.0.0.1:8006</routingURL>
		<consumer>CDMS</consumer>
		<target>AliasManagement</target>
		<operationName>post_AliasMgmt_01</operationName>
	</config>
		<!--GET /parties/{partyId}/accounts/party-account-roles -->
	<config serviceURI="^/parties/[\w-]+/accounts/party-account-roles" method="GET">
		<routingURL>http://127.0.0.1:8006</routingURL>
		<consumer>CDMS</consumer>
		<target>AliasManagement</target>
		<operationName>get_AliasMgmt_01</operationName>
	</config>
		<!--GET /parties/{partyId}/accounts -->
	<config serviceURI="^/parties/[\w-]+/accounts" method="GET">
		<routingURL>http://127.0.0.1:8006</routingURL>
		<consumer>CDMS</consumer>
		<target>AliasManagement</target>
		<operationName>get_AliasMgmt_01</operationName>
	</config>
<!--**************************************************************************************************-->
         <!--GET /parties/{partyId} -->
	<config serviceURI="^/parties/[\w-]+" method="GET">
		<routingURL>http://127.0.0.1:8006</routingURL>
		<consumer>CDMS</consumer>
		<target>AddUpdateCustomer</target>
		<operationName>AddUpdCust_01</operationName>
	</config>
	<config serviceURI="^/parties" method="GET">
		<routingURL>http://127.0.0.1:8006</routingURL>
		<consumer>CDMS</consumer>
		<target>AddUpdateCustomer</target>
		<operationName>AddUpdCust_01</operationName>
	</config>
</configs>
