<?xml version="1.0" encoding="UTF-8"?>
<gatewaypattern name="GetSwiftStatusAdvise" version="01">
        <qManager1>DatapowerGW_QueueManager_Primary</qManager1>
		<qManager2>DatapowerGW_QueueManager_Backup</qManager2>
		<getQueue>PWSDP.B2B.GCIS.GETSWIFTSTATUSADVISE01.RESPONSE</getQueue>
		<!-- In Milliseconds to be specified in the URL open>  So with URL time out specified as 500 ms it will retrieve maximum of 50 records with fromt end timeout as 26.-->
        <timeout>500</timeout>
		<sslProxy>Internal_SSLProxyProfile_MQ</sslProxy>
        <logRuleName>ANZDP_Log_rule_1</logRuleName>
		<targetApp>CIM</targetApp>
		<flowname>GetSwiftStatusAdvise_CIM_GCIS</flowname>
</gatewaypattern>
