<?xml version="1.0" encoding="UTF-8"?>
<businessEvent name="facilitySummary_v1" version="01" type="RequestReply" enabled="true" conditionalRouting="false">
	<LogRule>Common_Log_Rule02</LogRule>
	<sourceConfig>
		<request>
			<actions>
				<action name="AAA" enabled="Y">AU RetaillSH BS FacilitySummary</action>
			</actions>
		</request>
		<response>
			<actions>
                                   <action name="HTTP-RSHEADER-HANDLER">
					<header name="Content-Type" value="application/json" Type="set"/>
				   </action>
                        </actions>
			<csTransform/>
		</response>
		<errorConfig>
			<errorHandler stylesheet="local:/ondisk/services/SSI/configuration/glms/ErrorHandler.xsl">
				<params>
					<errElementName/>
				</params>
			</errorHandler>
		</errorConfig>
	</sourceConfig>
	<targetConfig name="CIS">
		<request>
			<actions>
			<action name="HTTP-RQHEADER-HANDLER">
					<header name="Content-Type" value="application/json" Type="set"/>
			</action>
                        </actions>
			
			<endpointConfig>
				<uri>/rest/loan/services/FacilitySummary</uri>
				<targetSystem>CIS</targetSystem>
				<timeout>14</timeout>
			</endpointConfig>
		</request>
		<response>			
		</response>
	</targetConfig>
	<logConfig>
		<operationName>FacilitySummary</operationName>
	</logConfig>
</businessEvent>