<?xml version="1.0" encoding="UTF-8"?>
<businessEvent name="UpdateKYC" version="01" type="RequestReply" enabled="true" conditionalRouting="true">
	<LogRule>Common_Log_Rule02</LogRule>
	<sourceConfig>
		<request>
			<actions>
				<!-- Enable action "AAA" when HTTPS FSH is configured -->
				<action name="AAA" enabled="N">AU RetailSH BS UpdateKYC</action>
				<action type="custom">local:///ondisk/services/SSI/transform/Customer/UpdateKYC_V01/POST/UpdateKYCRq.xsl</action>
			</actions>
			<scTransform/>
		</request>
		<response>
			<actions>
				<action name="HTTP-RSHEADER-HANDLER">
					<header name="Content-Type" value="text/xml" valueType="set"/>
				</action>
			</actions>
			<extender/>
			<csTransform/>
		</response>
		<errorConfig>
			<errorHandler stylesheet="local://ondisk/services/SSI/configuration/Customer/UpdateKYC_V01/POST/ErrorHandler.xsl">
				<params>
					<errElementName/>
					<errNamespace/>
				</params>
			</errorHandler>
		</errorConfig>
	</sourceConfig>
	<targetConfig name="CSP">
		<request>
			<ctTransform/>
			<endpointConfig>
				<Siebeluri>/eai_dp_enu/start.swe?SWEExtSource=SecureWebService&amp;SWEExtCmd=Execute&amp;</Siebeluri> 
				<!-- <Siebeluri>/eai_enu/start.swe?SWEExtSource=SecureWebService&amp;SWEExtCmd=Execute&amp;</Siebeluri>-->
				<uri type="uri-in"/>
				<targetSystem>Siebel</targetSystem>
				<!--  <targetSystem>UpdateKYC</targetSystem> -->
				<timeout>120</timeout>
			</endpointConfig>
		</request>
		<response>
			<actions>
				<action type="custom">local:///ondisk/services/SSI/transform/Customer/UpdateKYC_V01/POST/UpdateCSPRs.xsl</action>
			</actions>
			<tcTransform/>
		</response>
		<filter>Customer/UpdateKYC_V01/POST/CSPApplyReqFilter.xsl</filter>
	</targetConfig>
	<targetConfig name="KYC">
		<request>
			<!-- Enable  this "actions" having type custom to form the target request payload without the SOAP Envelope and another one with type  "ADD-SOAP" when there is different target system. -->
			<!--<actions>				<action type="custom">local:///ondisk/services/SSI/transform/Customer/UpdateKYC_V01/UpdateKYCRq.xsl</action>			</actions>-->
			<ctTransform/>
			<endpointConfig>

				<Siebeluri>/eai_dp_enu/start.swe?SWEExtSource=SecureWebService&amp;SWEExtCmd=Execute&amp;</Siebeluri> 
				<!--	<Siebeluri>/eai_enu/start.swe?SWEExtSource=SecureWebService&amp;SWEExtCmd=Execute&amp;</Siebeluri> -->
				<uri type="uri-in"/>
				<targetSystem>Siebel</targetSystem>
				<!--  <targetSystem>UpdateKYC</targetSystem>  -->
				<timeout>120</timeout>
			</endpointConfig>
		</request>
		<response>
			<actions>
				<action type="custom">local:///ondisk/services/SSI/transform/Customer/UpdateKYC_V01/POST/UpdateKYCRs.xsl</action>
			</actions>
			<tcTransform/>
		</response>
		<filter>Customer/UpdateKYC_V01/POST/KYCApplyReqFilter.xsl</filter>
	</targetConfig>
	<targetConfig name="SIOLA_APP">
		<request>
			<!-- Enable  this "actions" having type custom to form the target request payload without the SOAP Envelope and another one with type  "ADD-SOAP" when there is different target system. -->
			<!--<actions>				<action type="custom">local:///ondisk/services/SSI/transform/Customer/UpdateKYC_V01/UpdateKYCRq.xsl</action>			</actions>-->
			<ctTransform/>
			<endpointConfig>
				<Siebeluri>/eai_dp_enu/start.swe?SWEExtSource=SecureWebService&amp;SWEExtCmd=Execute&amp;</Siebeluri> 
				<!--	<Siebeluri>/eai_enu/start.swe?SWEExtSource=SecureWebService&amp;SWEExtCmd=Execute&amp;</Siebeluri> -->
				<uri type="uri-in"/>
				<targetSystem>Siebel</targetSystem>
				<!--  <targetSystem>UpdateKYC</targetSystem>  -->
				<timeout>120</timeout>
			</endpointConfig>
		</request>
		<response>
			<actions>
				<action type="custom">local:///ondisk/services/SSI/transform/Customer/UpdateKYC_V01/POST/UpdateKYCRs.xsl</action>
			</actions>
			<tcTransform/>
		</response>
		<filter>Customer/UpdateKYC_V01/POST/SIOLAAPPApplyReqFilter.xsl</filter>
	</targetConfig>
	<targetConfig name="EV">
		<request>
			<!-- Enable  this "actions" having type custom to form the target request payload without the SOAP Envelope and another one with type  "ADD-SOAP" when there is different target system. -->
			<!--<actions>				<action type="custom">local:///ondisk/services/SSI/transform/Customer/UpdateKYC_V01/UpdateKYCRq.xsl</action>			</actions>-->
			<ctTransform/>
			<endpointConfig>
				 <Siebeluri>/eai_dp_enu/start.swe?SWEExtSource=SecureWebService&amp;SWEExtCmd=Execute&amp;</Siebeluri>
				<!--<Siebeluri>/eai_enu/start.swe?SWEExtSource=SecureWebService&amp;SWEExtCmd=Execute&amp;</Siebeluri>-->
				<uri type="uri-in"/>
				<targetSystem>Siebel</targetSystem>
				<!--	<targetSystem>UpdateKYC</targetSystem> -->
				<timeout>120</timeout>
			</endpointConfig>
		</request>
		<response>
			<actions>
				<action type="custom">local:///ondisk/services/SSI/transform/Customer/UpdateKYC_V01/POST/UpdateKYCEVRs.xsl</action>
			</actions>
			<tcTransform/>
		</response>
		<filter>Customer/UpdateKYC_V01/POST/EVApplyReqFilter.xsl</filter>
	</targetConfig>
	<targetConfig name="PLCC">
		<request>
			<ctTransform/>
			<endpointConfig>
				<Siebeluri>/eai_dp_enu/start.swe?SWEExtSource=SecureWebService&amp;SWEExtCmd=Execute&amp;</Siebeluri>
				<!-- <Siebeluri>/eai_enu/start.swe?SWEExtSource=SecureWebService&amp;SWEExtCmd=Execute&amp;</Siebeluri> -->
				<!-- <uri type="uri-in"/>				<targetSystem>Siebel</targetSystem> -->
				<targetSystem>UpdateKYC</targetSystem>
				<timeout>120</timeout>
			</endpointConfig>
		</request>
		<response>
			<actions>
				<action type="custom">local:///ondisk/services/SSI/transform/Customer/UpdateKYC_V01/POST/UpdateKYCPLCCRs.xsl</action>
			</actions>
			<tcTransform/>
		</response>
		<filter>Customer/UpdateKYC_V01/POST/PLCCApplyReqFilter.xsl</filter>
	</targetConfig>
	<targetConfig name="SBOLA">
		<request>
			<ctTransform/>
			<endpointConfig>
			<!-- Changed as part CSP and OLA applications 07-May-2018 Contact Kumar Suresh incase of changes  -->
				<Siebeluri>/eai_dp_enu/start.swe?SWEExtSource=SecureWebService&amp;SWEExtCmd=Execute&amp;</Siebeluri> 
				<!-- <Siebeluri>/eai_enu/start.swe?SWEExtSource=SecureWebService&amp;SWEExtCmd=Execute&amp;</Siebeluri> -->
				<uri type="uri-in"/>
				<targetSystem>Siebel</targetSystem>
				<!--	<targetSystem>UpdateKYC</targetSystem> -->
				<timeout>120</timeout>
			</endpointConfig>
		</request>
		<response>
			<actions>
				<action type="custom">local:///ondisk/services/SSI/transform/Customer/UpdateKYC_V01/POST/UpdateKYCSBOLARs.xsl</action>
			</actions>
			<tcTransform/>
		</response>
		<filter>Customer/UpdateKYC_V01/POST/SBOLAApplyReqFilter.xsl</filter>
	</targetConfig>
	<!-- added as part of energy-->
	<targetConfig name="CMC">
		<request>
			<ctTransform/>
			<endpointConfig>
				<Siebeluri>/eai_dp_enu/start.swe?SWEExtSource=SecureWebService&amp;SWEExtCmd=Execute&amp;</Siebeluri>
				<uri type="uri-in"/>
				<targetSystem>Siebel</targetSystem>
				<timeout>120</timeout>
			</endpointConfig>
		</request>
		<response>
			<actions>
				<action type="custom">local:///ondisk/services/SSI/transform/Customer/UpdateKYC_V01/POST/UpdateKYCCMCRs.xsl</action>
			</actions>
			<tcTransform/>
		</response>
		<filter>Customer/UpdateKYC_V01/POST/CMCApplyReqFilter.xsl</filter>
	</targetConfig>
	<targetConfig name="EMARKETS">
		<request>
			<ctTransform/>
			<endpointConfig>
				<Siebeluri>/eai_dp_enu/start.swe?SWEExtSource=SecureWebService&amp;SWEExtCmd=Execute&amp;</Siebeluri>
				<uri type="uri-in"/>
				<targetSystem>Siebel</targetSystem>
				<timeout>120</timeout>
			</endpointConfig>
		</request>
		<response>
			<actions>
				<action type="custom">local:///ondisk/services/SSI/transform/Customer/UpdateKYC_V01/POST/UpdateKYCEMARKETSRs.xsl</action>
			</actions>
			<tcTransform/>
		</response>
		<filter>Customer/UpdateKYC_V01/POST/EMARKETSApplyReqFilter.xsl</filter>
	</targetConfig>
	<logConfig>
		<operationName>UpdateKYC</operationName>
	</logConfig>
</businessEvent>