<?xml version="1.0" encoding="UTF-8"?>
<businessEvent name="EDPCSPOrderStateDataByKey" version="01" type="RequestReply" enabled="true" conditionalRouting="false">
	<LogRule>Common_Log_Rule02</LogRule>
	<sourceConfig>
		<request>
			<actions>
				</actions>
			<scTransform/>
		</request>
		<response>
			<actions>
				</actions>
			<csTransform/>
		</response>
		<errorConfig>
			<errorHandler stylesheet="local://ondisk/services/SSI/configuration/EDPCSP/CSPUpdateStateByKey_1.0/POST/ErrorHandler.xsl">
				<params>
					<!--<errContentType>application/vnd.mcp-anz.com+json_version_1.0</errContentType>-->
					<errContentType>application/xml</errContentType>
				</params>
			</errorHandler>
		</errorConfig>
	</sourceConfig>
	<targetConfig name="EDPCSP">
		<request>
			<actions>
				<action type="custom">local:/ondisk/services/SSI/transform/EDPCSP/CSPUpdateStateByKey_1.0/POST/UpdateState_Req.xsl</action>
			</actions>
			<ctTransform/>
			<endpointConfig>
				<EDPCSPCSPUri>/api/po</EDPCSPCSPUri>
				<uri type="uri-in"/>
				<targetSystem>EDPCSP</targetSystem>
				<timeout>80</timeout>
			</endpointConfig>
		</request>
		<response>
			<tcTransform>EDPCSP/CSPUpdateStateByKey_1.0/POST/UpdateState_Rs.xsl</tcTransform>
		</response>
	</targetConfig>
	<logConfig>
		<operationName>CreateOrderStates</operationName>
	</logConfig>
</businessEvent>
