<epackets_DocRetrvReqAdd version="v1">
	<gatewaypattern name="B2BHttpGateway" version="02">
		<ssl-proxy name="External_SSLProxyProfile_Zirco"/>
		<ProviderDetails>Zirco</ProviderDetails>
		<logConfig>
			<LogRule>Common_Log_Rule02</LogRule>
			<operationName>DocRetrvReqAdd</operationName>
			<msgID>/B2BGatewayRq/B2BGatewayRqHdr/MessageHeader/sourceSystemMessageID</msgID>
		</logConfig>
	</gatewaypattern>
	<Provider name="Zirco">
		<Route>
			<Routing-url>https://www.zircobridge.com.au/Services/ElectronicServiceOrderQueue.asmx</Routing-url>
			<SoapOperation>DocRetrvReqAdd</SoapOperation>
		</Route>
	</Provider>
</epackets_DocRetrvReqAdd>