<?xml version="1.0" encoding="UTF-8"?>
<businessEvent name="GenInsQuote" version="V1" type="RequestReply" enabled="true" conditionalRouting="no">
	<!--
	Actions:
		The actions would apply the properties as defined in it.
	AVAILABLE ACTIONS:
		AAA : Performs authorisation on the specified AD Group
		STRIP-SOAP : Strips the SOAP Envelope
		SCHEMA-VALIDATE : Validates message against the specified schema
		ADD-SOAP : Adds the SOAP Envelope
		HTTP-RQHEADER-HANDLER : HTTP Request Header Handler, sets the header values as specified in the parameter <header>
		HTTP-RSHEADER-HANDLER : HTTP Response Header Handler, sets the header values as specified in the parameter <header>
	 	MQ-RQHEADER-HANDLER: MQ Request Header Handler
	 	
	 The system allows to define custom actions which to specify the complete style sheet path to be executed
		Ex: <action name="SetContext" type="custom">local://ondisk/services/SSXmltoXml/01/custom/TrdngAcctAdd_SetContext.xsl</action>
		
	 -->
	<!--
	 	consumerConfig section defines 
	 		- actions to be applied on the request message received from consumer
	 		- actions to be applied on the response message sent to consumer
	 		- transform to be applied on the request message received from consumer
	 		- transform to be applied on the response message sent to consumer
	 		- Optional extender, which might require to be executed before the message being sent back to consumer.
	 		   
	 -->
	<sourceConfig>
		<request>
			<actions>
				<action name="AAA" enabled="N">AU ChnlSH GenInsQuote Service Accounts (Ad)</action>
				<action name="STRIP-SOAP"/>
				<action name="SCHEMA-VALIDATE" enabled="false"/>
			</actions>
			<scTransform>MLS/RLSGenInsQuote_V1/RLS_C_GenInsQuote_Req.xsl</scTransform>
		</request>
		<response>
			<actions>
				 
				<action name="HTTP-RSHEADER-HANDLER">
					<header name="Content-Type" valueType="copy"/>
				</action>
				
				<action name="ADD-SOAP"/>				
				  
			</actions>
			<csTransform>MLS/RLSGenInsQuote_V1/C_RLS_GenInsQuote_Res.xsl</csTransform>
		</response>
		<!--
			errorConfig section specifies the stylesheet to executed in case of an error. 
			Its provides option specifies the params to error stylesheet.
	 	 -->
		<errorConfig>
			<errorHandler stylesheet="local://ondisk/services/SSI/configuration/MLS/RLSGenInsQuote_V1/ErrorHandler.xsl">
				<params/>
			</errorHandler>
		</errorConfig>
	</sourceConfig>
	<!--
		targetConfig section defines
			- actions to be applied on the request message sent to provider
	 		- actions to be applied on the response message received from provider
	 		- transform to be applied on the request message sent to provider
	 		- transform to be applied on the response message received from provider
	 		- provider endpoint configuration 
	 		- Optional extender, which might require to be executed before the message being sent to provider.
	-->
	<targetConfig name="CIM_GenInsQuote">
		<request>
			<actions>
				<action name="MQ-RQHEADER-HANDLER">
					<msgExpiry>600</msgExpiry>
					<msgPersistence>0</msgPersistence>
				</action>
				<!-- 
				<action name="HTTP-RQHEADER-HANDLER">
					<header name="Content-Type" valueType="copy"/>
					<header name="SoapAction" valueType="copy"/>
				</action>
			
				
				<action name="ADD-SOAP"/>
				 
				<action name="AddSoapWsa" type="custom">local://ondisk/services/SSI/transform/ETradeOS/addSoapWsa01.xsl</action>
				-->
			</actions>
			<ctTransform/>
			<endpointConfig>
				<uri>/?RequestQueue=PMIT.BS.ARIN.TIB.GETINSQUOTEIQS1.RLS;ReplyQueue=PWSDP.CHH.GENINSQUOTEIQS1.RESPONSE</uri>
				<targetSystem>CIM</targetSystem>
				<timeout>60</timeout>
			</endpointConfig>
		</request>
		<response>
			<actions>
				<!-- 
				<action name="STRIP-SOAP"/>
				 -->
			</actions>
			<tcTransform/>
		</response>
	</targetConfig>
	<logConfig>
		<operationName>MLS_RLSGenInsQuote_V1</operationName>
		<!--   <msgID>/*[local-name()='Envelope']/*[local-name()='Body']/*/*[local-name()='Input']/*[local-name()='Header']/*[local-name()='RequestID']</msgID> -->
	</logConfig>
</businessEvent>
