<?xml version="1.0" encoding="UTF-8"?>
<businessEvent name="createUserCredential" version="01" type="RequestReply" enabled="true" conditionalRouting="false">
	<LogRule>Common_Log_Rule02</LogRule>
	<sourceConfig>
		<request>
			<actions>
			    <action name="AAA" enabled="Y">AU RetailSH FRGIDM createUserCredential</action>
				<action name="VALIDATE-HEADERS" enabled="true">
					<header name="ANZ-Application-ID" required="true"/>
					<header name="RequestID" required="true"/>
				</action>
			</actions>
			<scTransform/>
		</request>
		<response>
			<actions>
				<action name="HTTP-RSHEADER-HANDLER">
                     <header name="Content-Type" value="application/json" valueType="set"/>
				</action>
			</actions>
			<csTransform/>
		</response>
		<errorConfig>
			<errorHandler stylesheet="local://ondisk/services/SSI/configuration/FRGRKIDM/FRGRKIDMErrorHandler.xsl">
			</errorHandler>
		</errorConfig>
	</sourceConfig>
	<targetConfig name="FRGRKIDM">
		<request>
			<actions>
				<action name="HTTP-RQHEADER-HANDLER">
					<method>POST</method>
					<header name="Content-Type" Type="add" value="application/json"/>
				</action>
			</actions>
			<ctTransform/>
			<endpointConfig>
				<uri type="dynXSL">local://ondisk/services/SSI/configuration/FRGRKIDM/FRGRKIDMUriHandler.xsl</uri>
				<targetSystem>FRGRKIDM</targetSystem>
				<timeout>30</timeout>
			</endpointConfig>
		</request>
	</targetConfig>
	<logConfig>
		<operationName>createUserCredential</operationName>
	</logConfig>
</businessEvent>
