<?xml version="1.0" encoding="UTF-8"?>
<businessEvent name="generateSTI" version="01" type="RequestReply" enabled="true" conditionalRouting="false">
	<LogRule>Common_Log_Rule02</LogRule>
	<sourceConfig>
		<request>
			<actions>
				<action name="AAA" enabled="N"/>
				<action name="VALIDATE-HEADERS" enabled="true">
					<header name="ANZ-Application-ID" required="true"/>
					<header name="RequestID" required="true"/>
				</action>
			</actions>
			<scTransform/>
		</request>
		<response>
			<actions>
				<action name="HTTP-RSHEADER-HANDLER">
					<header name="Content-Type" value="application/json" valueType="set"/>
				</action>
			</actions>
			<csTransform/>
		</response>
		<errorConfig>
			<errorHandler stylesheet="local://ondisk/services/SSI/configuration/CSP/generateSTI_1.0/POST/ErrorHandler.xsl">
			</errorHandler>
		</errorConfig>
	</sourceConfig>
	<targetConfig name="CSP-STI">
		<request>
			<actions>
				<action name="HTTP-RQHEADER-HANDLER">
					<method>POST</method>
					<header name="Content-Type" Type="add" value="application/json"/>
				</action>
			</actions>
			<ctTransform/>
			<endpointConfig>
				<uri>/oidc/authorize</uri>
				<targetSystem>CSP-STI</targetSystem>
				<timeout>30</timeout>
			</endpointConfig>
		</request>
	</targetConfig>
	<logConfig>
		<operationName>generateSTI</operationName>
	</logConfig>
</businessEvent>
