<?xml version="1.0" encoding="UTF-8"?>
<businessEvent name="Retrieve" version="01" type="RequestReply" enabled="true" conditionalRouting="false">
	<LogRule>Common_Log_Rule02</LogRule>
	<sourceConfig>
		<request>
			<actions>
				<action name="AAA" enabled="Y">AU RetailSH CSP RetrieveEV</action>
				<action name="VALIDATE-HEADERS" enabled="true">
					<header name="ANZ-Application-ID" required="true"/>
					<header name="RequestID" required="true"/>
					<header name="JWT-Token" required="true"/>
				</action>
			</actions>
			<scTransform/>
		</request>
		<response>
			<actions>
				<action name="HTTP-RSHEADER-HANDLER">
                                     <header name="Content-Type" value="application/json" valueType="set"/>
				</action>
			</actions>
			<csTransform/>
		</response>
		<errorConfig>
			<errorHandler stylesheet="local://ondisk/services/SSI/configuration/CSP/RetrieveEV_1.0/GET/ErrorHandler.xsl">
				<params>
					<errContentType>application/json</errContentType>
				</params>
			</errorHandler>
		</errorConfig>
	</sourceConfig>
	<targetConfig name="CSP">
		<request>
			<actions>
				<action name="HTTP-RQHEADER-HANDLER">
					<method>GET</method>
		<header name="TerminalId" valueType="copy"/>
		<header name="ANZ-Application-ID" valueType="copy"/>
		<header name="RequestID" valueType="copy"/>
		<header name="Accept" valueType="copy"/>
		<header name="ANZ-Application-Version" valueType="copy"/>
		<header name="BranchId" valueType="copy"/>
		<header name="InitCompany" valueType="copy"/>
		<header name="OrigApp" valueType="copy"/>
		<header name="User-Agent" valueType="copy"/> 
		<header name="JWT-Token" valueType="copy"/>
				</action>
			</actions>
			<ctTransform/>
			<endpointConfig>
                                <uri type="dynXSL">local://ondisk/services/SSI/configuration/CSP/cspUriHandler.xsl</uri>
				<targetSystem>CSP</targetSystem>
				<timeout>60</timeout>
			</endpointConfig>
		</request>
		<response>
			<tcTransform/>
		</response>
	</targetConfig>
	<logConfig>
		<operationName>RetrieveEV</operationName>
	</logConfig>
</businessEvent>