<datapower-configuration version="3"><export-details><description>Exported Configuration</description><user>borranadmin</user><domain>AURETAIL</domain><comment/><product-id>719942X</product-id><product>XI50</product><display-product>XI52</display-product><model>DataPower XI50</model><display-model>DataPower XI52</display-model><device-name>dpaau182tst01</device-name><serial-number>7832493</serial-number><firmware-version>XI50.2018.4.1.6jm</firmware-version><display-firmware-version>XI52.2018.4.1.6jm</display-firmware-version><firmware-build>314043jm</firmware-build><delivery-type>LTS</delivery-type><firmware-timestamp>2019/10/02 14:02:52</firmware-timestamp><current-date>2019-11-09</current-date><current-time>23:59:35 EDT</current-time><reset-date>2019-10-17</reset-date><reset-time>10:37:30 EDT</reset-time><login-message/><custom-ui-file>local:///customUI-dpaau182tst01.xml</custom-ui-file><intrusion-detection>enable</intrusion-detection></export-details><interface-data><interface name="mgt0" type="Ethernet" vers="ipv4" ip-addr="10.54.0.168"/><interface name="eth10" type="Ethernet" vers="ipv4" ip-addr="10.54.129.227"/><interface name="eth11" type="Ethernet" vers="ipv4" ip-addr="10.54.129.195"/></interface-data><configuration domain="AURETAIL"><StylePolicyAction name="Common_Log_xform" xmlns:env="http://www.w3.org/2003/05/soap-envelope" xmlns:dp="http://www.datapower.com/schemas/management">
<mAdminState>enabled</mAdminState>
<Type>xform</Type>
<Input>INPUT</Input>
<Transform>local:///ondisk/common/logging/customLogMessage.xsl</Transform>
<ParseSettingsReference>
<URL/>
<Literal/>
<Default/></ParseSettingsReference>
<ParseMetricsResultType>none</ParseMetricsResultType>
<InputLanguage>json</InputLanguage>
<TransformLanguage>xquery</TransformLanguage>
<ActionDebug persisted="false">off</ActionDebug>
<TxMode>default</TxMode>
<Output>dpvar_1</Output>
<NoTranscodeUtf8>off</NoTranscodeUtf8>
<NamedInOutLocationType>default</NamedInOutLocationType>
<SSLClientConfigType>proxy</SSLClientConfigType>
<OutputType>default</OutputType>
<Transactional>off</Transactional>
<SOAPValidation>body</SOAPValidation>
<SQLSourceType>static</SQLSourceType>
<JWSVerifyStripSignature>on</JWSVerifyStripSignature>
<Asynchronous>off</Asynchronous>
<ResultsMode>first-available</ResultsMode>
<RetryCount>0</RetryCount>
<RetryInterval>1000</RetryInterval>
<MultipleOutputs>off</MultipleOutputs>
<IteratorType>XPATH</IteratorType>
<Timeout>0</Timeout>
<MethodRewriteType>GET</MethodRewriteType>
<MethodType>POST</MethodType>
<MethodType2>POST</MethodType2></StylePolicyAction><LogLabel name="AURETAIL_Log" xmlns:env="http://www.w3.org/2003/05/soap-envelope" xmlns:dp="http://www.datapower.com/schemas/management">
<mAdminState>enabled</mAdminState>
<Type>user</Type></LogLabel><StylePolicyAction name="Common_Log_Rule_conditional_1_refaction_log_0" xmlns:env="http://www.w3.org/2003/05/soap-envelope" xmlns:dp="http://www.datapower.com/schemas/management">
<mAdminState>enabled</mAdminState>
<Type>log</Type>
<Input>dpvar_1</Input>
<ParseSettingsReference>
<URL/>
<Literal/>
<Default/></ParseSettingsReference>
<ParseMetricsResultType>none</ParseMetricsResultType>
<InputLanguage>json</InputLanguage>
<TransformLanguage>none</TransformLanguage>
<OutputLanguage>default</OutputLanguage>
<ActionDebug persisted="false">off</ActionDebug>
<TxMode>default</TxMode>
<NoTranscodeUtf8>off</NoTranscodeUtf8>
<NamedInOutLocationType>default</NamedInOutLocationType>
<Destination>syslog://splunktechopsqaecorpsharedser.service.dev:1515</Destination>
<SSLClientConfigType>proxy</SSLClientConfigType>
<OutputType>default</OutputType>
<LogLevel>info</LogLevel>
<LogType class="LogLabel">AURETAIL_Log</LogType>
<Transactional>off</Transactional>
<SOAPValidation>body</SOAPValidation>
<SQLSourceType>static</SQLSourceType>
<JOSESerializationType>compact</JOSESerializationType>
<JWEEncAlgorithm>A128CBC-HS256</JWEEncAlgorithm>
<JOSEVerifyType>identifiers</JOSEVerifyType>
<JOSEDecryptType>identifiers</JOSEDecryptType>
<JWSVerifyStripSignature>on</JWSVerifyStripSignature>
<Asynchronous>on</Asynchronous>
<ResultsMode>first-available</ResultsMode>
<RetryCount>0</RetryCount>
<RetryInterval>1000</RetryInterval>
<MultipleOutputs>off</MultipleOutputs>
<IteratorType>XPATH</IteratorType>
<Timeout>0</Timeout>
<MethodRewriteType>GET</MethodRewriteType>
<MethodType>POST</MethodType>
<MethodType2>POST</MethodType2></StylePolicyAction><StylePolicyAction name="Common_Log_Rule_conditional_1" xmlns:env="http://www.w3.org/2003/05/soap-envelope" xmlns:dp="http://www.datapower.com/schemas/management">
<mAdminState>enabled</mAdminState>
<Type>conditional</Type>
<Input>dpvar_1</Input>
<ParseSettingsReference>
<URL/>
<Literal/>
<Default/></ParseSettingsReference>
<ParseMetricsResultType>none</ParseMetricsResultType>
<InputLanguage>json</InputLanguage>
<TransformLanguage>none</TransformLanguage>
<OutputLanguage>default</OutputLanguage>
<ActionDebug persisted="false">off</ActionDebug>
<TxMode>default</TxMode>
<NoTranscodeUtf8>off</NoTranscodeUtf8>
<NamedInOutLocationType>default</NamedInOutLocationType>
<SSLClientConfigType>proxy</SSLClientConfigType>
<OutputType>default</OutputType>
<Transactional>off</Transactional>
<SOAPValidation>body</SOAPValidation>
<SQLSourceType>static</SQLSourceType>
<JOSESerializationType>compact</JOSESerializationType>
<JWEEncAlgorithm>A128CBC-HS256</JWEEncAlgorithm>
<JOSEVerifyType>identifiers</JOSEVerifyType>
<JOSEDecryptType>identifiers</JOSEDecryptType>
<JWSVerifyStripSignature>on</JWSVerifyStripSignature>
<Asynchronous>on</Asynchronous>
<Condition>
<Expression>/log</Expression>
<ConditionAction>Common_Log_Rule_conditional_1_refaction_log_0</ConditionAction></Condition>
<ResultsMode>first-available</ResultsMode>
<RetryCount>0</RetryCount>
<RetryInterval>1000</RetryInterval>
<MultipleOutputs>off</MultipleOutputs>
<IteratorType>XPATH</IteratorType>
<Timeout>0</Timeout>
<MethodRewriteType>GET</MethodRewriteType>
<MethodType>POST</MethodType>
<MethodType2>POST</MethodType2></StylePolicyAction><StylePolicyAction name="Common_Log_Rule_conditional_0_refaction_log_0" xmlns:env="http://www.w3.org/2003/05/soap-envelope" xmlns:dp="http://www.datapower.com/schemas/management">
<mAdminState>enabled</mAdminState>
<Type>log</Type>
<Input>dpvar_1</Input>
<ParseSettingsReference>
<URL/>
<Literal/>
<Default/></ParseSettingsReference>
<ParseMetricsResultType>none</ParseMetricsResultType>
<TransformLanguage>none</TransformLanguage>
<ActionDebug persisted="false">off</ActionDebug>
<NoTranscodeUtf8>off</NoTranscodeUtf8>
<NamedInOutLocationType>default</NamedInOutLocationType>
<SSLClientConfigType>proxy</SSLClientConfigType>
<OutputType>default</OutputType>
<LogLevel>info</LogLevel>
<LogType class="LogLabel">AURETAIL_Log</LogType>
<Transactional>off</Transactional>
<SOAPValidation>body</SOAPValidation>
<SQLSourceType>static</SQLSourceType>
<JWSVerifyStripSignature>on</JWSVerifyStripSignature>
<Asynchronous>off</Asynchronous>
<ResultsMode>first-available</ResultsMode>
<RetryCount>0</RetryCount>
<RetryInterval>1000</RetryInterval>
<MultipleOutputs>off</MultipleOutputs>
<IteratorType>XPATH</IteratorType>
<Timeout>0</Timeout>
<MethodRewriteType>GET</MethodRewriteType>
<MethodType>POST</MethodType>
<MethodType2>POST</MethodType2></StylePolicyAction><StylePolicyAction name="Common_Log_Rule_conditional_0" xmlns:env="http://www.w3.org/2003/05/soap-envelope" xmlns:dp="http://www.datapower.com/schemas/management">
<mAdminState>enabled</mAdminState>
<Type>conditional</Type>
<Input>dpvar_1</Input>
<ParseSettingsReference>
<URL/>
<Literal/>
<Default/></ParseSettingsReference>
<ParseMetricsResultType>none</ParseMetricsResultType>
<TransformLanguage>none</TransformLanguage>
<ActionDebug persisted="false">off</ActionDebug>
<NoTranscodeUtf8>off</NoTranscodeUtf8>
<NamedInOutLocationType>default</NamedInOutLocationType>
<SSLClientConfigType>proxy</SSLClientConfigType>
<Transactional>off</Transactional>
<SOAPValidation>body</SOAPValidation>
<SQLSourceType>static</SQLSourceType>
<JWSVerifyStripSignature>on</JWSVerifyStripSignature>
<Asynchronous>off</Asynchronous>
<Condition>
<Expression>/log</Expression>
<ConditionAction>Common_Log_Rule_conditional_0_refaction_log_0</ConditionAction></Condition>
<ResultsMode>first-available</ResultsMode>
<RetryCount>0</RetryCount>
<RetryInterval>1000</RetryInterval>
<MultipleOutputs>off</MultipleOutputs>
<IteratorType>XPATH</IteratorType>
<Timeout>0</Timeout>
<MethodRewriteType>GET</MethodRewriteType>
<MethodType>POST</MethodType>
<MethodType2>POST</MethodType2></StylePolicyAction><StylePolicyAction name="Common_Log_Rule_results_output_0" xmlns:env="http://www.w3.org/2003/05/soap-envelope" xmlns:dp="http://www.datapower.com/schemas/management">
<mAdminState>enabled</mAdminState>
<Type>results</Type>
<Input>dpvar_1</Input>
<ParseSettingsReference>
<URL/>
<Literal/>
<Default/></ParseSettingsReference>
<ParseMetricsResultType>none</ParseMetricsResultType>
<TransformLanguage>none</TransformLanguage>
<ActionDebug persisted="false">off</ActionDebug>
<NoTranscodeUtf8>off</NoTranscodeUtf8>
<NamedInOutLocationType>default</NamedInOutLocationType>
<SSLClientConfigType>proxy</SSLClientConfigType>
<OutputType>default</OutputType>
<Transactional>off</Transactional>
<SOAPValidation>body</SOAPValidation>
<SQLSourceType>static</SQLSourceType>
<JWSVerifyStripSignature>on</JWSVerifyStripSignature>
<Asynchronous>off</Asynchronous>
<ResultsMode>first-available</ResultsMode>
<RetryCount>0</RetryCount>
<RetryInterval>1000</RetryInterval>
<MultipleOutputs>off</MultipleOutputs>
<IteratorType>XPATH</IteratorType>
<Timeout>0</Timeout>
<MethodRewriteType>GET</MethodRewriteType>
<MethodType>POST</MethodType>
<MethodType2>POST</MethodType2></StylePolicyAction><StylePolicyRule name="Common_Log_Rule" xmlns:env="http://www.w3.org/2003/05/soap-envelope" xmlns:dp="http://www.datapower.com/schemas/management">
<mAdminState>enabled</mAdminState>
<Actions class="StylePolicyAction">Common_Log_xform</Actions>
<Actions class="StylePolicyAction">Common_Log_Rule_conditional_1</Actions>
<Actions class="StylePolicyAction">Common_Log_Rule_conditional_0</Actions>
<Actions class="StylePolicyAction">Common_Log_Rule_results_output_0</Actions>
<Direction>rule</Direction>
<InputFormat>none</InputFormat>
<OutputFormat>none</OutputFormat>
<NonXMLProcessing>off</NonXMLProcessing>
<Unprocessed>off</Unprocessed></StylePolicyRule></configuration><files><file name="local:///ondisk/common/logging/customLogMessage.xsl" src="local/ondisk/common/logging/customLogMessage.xsl" location="local" hash="DsOLLq3zYV22nycFJOBhiCH1JEU="/><file name="local:///ondisk/common/logging/commonMasking02.xsl" src="local/ondisk/common/logging/commonMasking02.xsl" location="local" hash="u2nbwVPSrginA2T5LOQ3dhLCrNM="/><file name="webgui:///clixform.xsl" src="dp-aux/clixform.xsl" location="dp-aux" internal="true" hash="JWCmCYFwjG0ku59O8LehfGCkiIM="/><file name="webgui:///SchemaUtil.xsl" src="dp-aux/SchemaUtil.xsl" location="dp-aux" internal="true" hash="ZnCYHBrcIPvfLAXYOIKIL0KXIbo="/><file name="webgui:///management.xsl" src="dp-aux/management.xsl" location="dp-aux" internal="true" hash="pi0c46mGrlbqTpsWjG3QUxFOCYU="/><file name="webgui:///map-dmz.xsl" src="dp-aux/map-dmz.xsl" location="dp-aux" internal="true" hash="S8LbpfukTeInHK2d6DnQfdiZmd4="/><file name="webgui:///drMgmt.xml" src="dp-aux/drMgmt.xml" location="dp-aux" internal="true" hash="709EemsOUSjT1CP5f6unp1Ou4Xw="/><file name="webgui:///basetypes.xml" src="dp-aux/basetypes.xml" location="dp-aux" internal="true" hash="HrLsg2FhC6fPlGYI25NijeP828E="/></files></datapower-configuration>