<?xml version="1.0" encoding="UTF-8"?>
<businessEvent name="GenerateSilentOTP01" version="01" type="RequestReply" enabled="true" conditionalRouting="false">
	<sourceConfig>
		<request>
			<actions>
				<action name="AAA" enabled="Y">AU ChnlSH GenerateSilentOTP Service Accounts</action>
				<action name="VALIDATE-HEADERS" enabled="true">
					<header name="RequestID" required="true"/>
					<header name="ANZ-Application-ID" required="true"/>
				</action>
			</actions>
			<scTransform/>
		</request>
		<response>
			<actions>
				<action name="HTTP-RSHEADER-HANDLER">
					<header name="Content-Type" valueType="SET" value="application/vnd.cmc-anz.com+json;version=1.0"/>
					<header name="RequestID" valueType="copy"/>
					<header name="Content-Type" valueType="copy"/>
					<!--<header name="ANZUserInfo" valueType="copy"/>
					<header name="Accept" valueType="copy"/>-->
				</action>
			</actions>
			<csTransform>dsp/generatesilentotp_1.0/POST/generatesilentotp_CT.xsl</csTransform>
		</response>
		<errorConfig>
			<!--<errorHandler stylesheet="local:///ondisk/services/SSI/configuration/dsp/generatesilentotp_1.0/POST/ErrorHandler.xsl">
				<params>
					<errContentType>application/json</errContentType>
				</params>
			</errorHandler>-->
		</errorConfig>
	</sourceConfig>
	<targetConfig name="DSP">
		<request>
			<actions>
				<action name="HTTP-RQHEADER-HANDLER">
					<header name="Content-Type" valueType="SET" value="application/vnd.cmc-anz.com+json;version=1.0"/>
					<header name="RequestID" valueType="copy"/>
					<header name="Content-Type" valueType="copy"/>
					<!--<header name="ANZUserInfo" valueType="copy"/>
					<header name="Accept" valueType="copy"/>-->
				</action>
			</actions>
			<ctTransform>dsp/generatesilentotp_1.0/POST/generatesilentotp_CS.xsl</ctTransform>
			<endpointConfig>
				<uri type="uri-in"/>
				<staticUri>/cmc/internalcso</staticUri>
				<uri type="dyn"/>
				<uri-pattern>
					<static>/generatesilentotp</static>
				</uri-pattern>
				<targetSystem>DSP</targetSystem>
				<timeout>30</timeout>
			</endpointConfig>
		</request>
		<response>
			<actions>
				<!-- <action type="custom">local://ondisk/services/SSI/transform/dsp/generatesilentotp_1.0/POST/generatesilentotp_CT.xsl</action>-->
			</actions>
			<tcTransform/>
		</response>
	</targetConfig>
	<logConfig>
		<operationName>GenerateSilentOTP01</operationName>
	</logConfig>
	<LogRule>Common_Log_Rule02</LogRule>
</businessEvent>